Trade #,Type,Signal,Date/Time,Price,Contracts,Profit NONE,Profit %,Cum. Profit NONE,Cum. Profit %,Run-up NONE,Run-up %,Drawdown NONE,Drawdown %
1,Entry Long,Long,2017-08-28 04:00,343.43,29.1171,-1150.30,-11.5,-1150.30,-11.5,1476.31,14.76,3148.65,31.49
1,Exit Long,Short,2017-09-12 04:00,304.41,29.1171,-1150.30,-11.5,-1150.30,-11.5,1476.31,14.76,3148.65,31.49
2,Entry Short,Short,2017-09-12 04:00,304.41,29.0934,-296.87,-3.35,-1447.16,-3.35,45.43,0.51,357.22,4.03
2,Exit Short,Long,2017-09-12 08:00,314.15,29.0934,-296.87,-3.35,-1447.16,-3.35,45.43,0.51,357.22,4.03
3,Entry Long,Long,2017-09-12 08:00,314.15,27.2471,-91.80,-1.07,-1538.96,-1.07,0,0,328.75,3.84
3,Exit Long,Short,2017-09-12 12:00,311.25,27.2471,-91.80,-1.07,-1538.96,-1.07,0,0,328.75,3.84
4,Entry Short,Short,2017-09-12 12:00,311.25,27.2044,783.62,9.25,-755.34,9.26,3237.77,38.24,21.58,0.25
4,Exit Short,Long,2017-09-18 04:00,282.00,27.2044,783.62,9.25,-755.34,9.26,3237.77,38.24,21.58,0.25
5,Entry Long,Long,2017-09-18 04:00,282.00,32.8029,-164.33,-1.78,-919.66,-1.78,787.55,8.51,157.50,1.7
5,Exit Long,Short,2017-09-19 08:00,277.41,32.8029,-164.33,-1.78,-919.66,-1.78,787.55,8.51,157.50,1.7
6,Entry Short,Short,2017-09-19 08:00,277.41,32.7571,-393.57,-4.33,-1313.23,-4.33,0,0,582.69,6.41
6,Exit Short,Long,2017-09-19 12:00,289.00,32.7571,-393.57,-4.33,-1313.23,-4.33,0,0,582.69,6.41
7,Entry Long,Long,2017-09-19 12:00,289.00,30.0825,-283.58,-3.26,-1596.81,-3.26,715.46,8.23,1116.56,12.84
7,Exit Long,Short,2017-09-29 04:00,280.00,30.0825,-283.58,-3.26,-1596.81,-3.26,715.46,8.23,1116.56,12.84
8,Entry Short,Short,2017-09-29 04:00,280.00,30.0339,-327.31,-3.89,-1924.12,-3.9,110.52,1.31,336.68,4
8,Exit Short,Long,2017-09-29 08:00,290.47,30.0339,-327.31,-3.89,-1924.12,-3.9,110.52,1.31,336.68,4
9,Entry Long,Long,2017-09-29 08:00,290.47,27.8213,-58.27,-0.72,-1982.39,-0.72,467.46,5.78,208.88,2.58
9,Exit Long,Short,2017-10-05 08:00,288.81,27.8213,-58.27,-0.72,-1982.39,-0.72,467.46,5.78,208.88,2.58
10,Entry Short,Short,2017-10-05 08:00,288.81,27.7817,-184.13,-2.29,-2166.52,-2.3,72.05,0.9,210.49,2.62
10,Exit Short,Long,2017-10-05 16:00,295.00,27.7817,-184.13,-2.29,-2166.52,-2.3,72.05,0.9,210.49,2.62
11,Entry Long,Long,2017-10-05 16:00,295.00,26.6654,121.69,1.55,-2044.83,1.55,1567.36,19.93,228.56,2.91
11,Exit Long,Short,2017-10-18 08:00,300.01,26.6654,121.69,1.55,-2044.83,1.55,1567.36,19.93,228.56,2.91
12,Entry Short,Short,2017-10-18 08:00,300.01,26.5374,-229.45,-2.88,-2274.28,-2.88,732.03,9.19,403.77,5.07
12,Exit Short,Long,2017-10-24 12:00,308.20,26.5374,-229.45,-2.88,-2274.28,-2.88,732.03,9.19,403.77,5.07
13,Entry Long,Long,2017-10-24 12:00,308.20,25.0888,-131.43,-1.7,-2405.71,-1.7,14.27,0.18,148.81,1.92
13,Exit Long,Short,2017-10-24 20:00,303.42,25.0888,-131.43,-1.7,-2405.71,-1.7,14.27,0.18,148.81,1.92
14,Entry Short,Short,2017-10-24 20:00,303.42,25.0477,-40.73,-0.54,-2446.44,-0.54,555.87,7.31,120.42,1.58
14,Exit Short,Long,2017-10-29 12:00,304.59,25.0477,-40.73,-0.54,-2446.44,-0.54,555.87,7.31,120.42,1.58
15,Entry Long,Long,2017-10-29 12:00,304.59,24.8179,-178.98,-2.37,-2625.42,-2.37,277.50,3.67,211.91,2.8
15,Exit Long,Short,2017-11-01 12:00,297.83,24.8179,-178.98,-2.37,-2625.42,-2.37,277.50,3.67,211.91,2.8
16,Entry Short,Short,2017-11-01 12:00,297.83,24.7796,-38.35,-0.52,-2663.77,-0.52,566.87,7.68,120.51,1.63
16,Exit Short,Long,2017-11-03 20:00,298.93,24.7796,-38.35,-0.52,-2663.77,-0.52,566.87,7.68,120.51,1.63
17,Entry Long,Long,2017-11-03 20:00,298.93,24.5585,-110.15,-1.5,-2773.92,-1.5,192.68,2.62,172.99,2.36
17,Exit Long,Short,2017-11-04 04:00,294.89,24.5585,-110.15,-1.5,-2773.92,-1.5,192.68,2.62,172.99,2.36
18,Entry Short,Short,2017-11-04 04:00,294.89,24.5227,-115.88,-1.6,-2889.80,-1.6,11.99,0.17,253.10,3.5
18,Exit Short,Long,2017-11-04 12:00,299.17,24.5227,-115.88,-1.6,-2889.80,-1.6,11.99,0.17,253.10,3.5
19,Entry Long,Long,2017-11-04 12:00,299.17,23.7848,-42.76,-0.6,-2932.56,-0.6,97.18,1.37,78.12,1.1
19,Exit Long,Short,2017-11-04 20:00,297.82,23.7848,-42.76,-0.6,-2932.56,-0.6,97.18,1.37,78.12,1.1
20,Entry Short,Short,2017-11-04 20:00,297.82,23.7484,-15.84,-0.22,-2948.40,-0.22,32.93,0.47,33.33,0.47
20,Exit Short,Long,2017-11-05 00:00,298.04,23.7484,-15.84,-0.22,-2948.40,-0.22,32.93,0.47,33.33,0.47
21,Entry Long,Long,2017-11-05 00:00,298.04,23.6777,-14.61,-0.21,-2963.01,-0.21,91.79,1.3,28.97,0.41
21,Exit Long,Short,2017-11-05 08:00,297.87,23.6777,-14.61,-0.21,-2963.01,-0.21,91.79,1.3,28.97,0.41
22,Entry Short,Short,2017-11-05 08:00,297.87,23.6421,-84.38,-1.2,-3047.39,-1.2,178.18,2.53,79.05,1.12
22,Exit Short,Long,2017-11-06 12:00,300.99,23.6421,-84.38,-1.2,-3047.39,-1.2,178.18,2.53,79.05,1.12
23,Entry Long,Long,2017-11-06 12:00,300.99,23.1184,-275.18,-3.95,-3322.57,-3.96,100.89,1.45,328.65,4.72
23,Exit Long,Short,2017-11-07 16:00,289.53,23.1184,-275.18,-3.95,-3322.57,-3.96,100.89,1.45,328.65,4.72
24,Entry Short,Short,2017-11-07 16:00,289.53,23.0804,-193.19,-2.89,-3515.75,-2.89,50.84,0.76,231.66,3.47
24,Exit Short,Long,2017-11-08 12:00,297.46,23.0804,-193.19,-2.89,-3515.75,-2.89,50.84,0.76,231.66,3.47
25,Entry Long,Long,2017-11-08 12:00,297.46,21.7557,-27.75,-0.43,-3543.51,-0.43,681.32,10.53,258.09,3.99
25,Exit Long,Short,2017-11-11 12:00,296.63,21.7557,-27.75,-0.43,-3543.51,-0.43,681.32,10.53,258.09,3.99
26,Entry Short,Short,2017-11-11 12:00,296.63,21.7824,-385.50,-5.97,-3929.01,-5.97,96.01,1.49,404.77,6.26
26,Exit Short,Long,2017-11-11 20:00,313.87,21.7824,-385.50,-5.97,-3929.01,-5.97,96.01,1.49,404.77,6.26
27,Entry Long,Long,2017-11-11 20:00,313.87,19.3587,-362.73,-5.97,-4291.73,-5.97,75.39,1.24,640.68,10.54
27,Exit Long,Short,2017-11-12 12:00,295.59,19.3587,-362.73,-5.97,-4291.73,-5.97,75.39,1.24,640.68,10.54
28,Entry Short,Short,2017-11-12 12:00,295.59,19.3258,-218.02,-3.82,-4509.76,-3.82,65.29,1.14,258.81,4.53
28,Exit Short,Long,2017-11-12 16:00,306.42,19.3258,-218.02,-3.82,-4509.76,-3.82,65.29,1.14,258.81,4.53
29,Entry Long,Long,2017-11-12 16:00,306.42,1.0508,318.44,98.9,-4195.20,5.8,349.52,108.55,7.51,2.33
29,Exit Long,Trim Long,2017-12-12 16:00,610.15,1.0508,318.44,98.9,-4195.20,5.8,349.52,108.55,7.51,2.33
30,Entry Long,Long,2017-11-12 16:00,306.42,0.9892,308.91,101.91,-3886.06,5.32,329.03,108.55,7.07,2.33
30,Exit Long,Trim Long,2017-12-13 00:00,619.40,0.9892,308.91,101.91,-3886.06,5.32,329.03,108.55,7.07,2.33
31,Entry Long,Long,2017-11-12 16:00,306.42,0.9312,296.09,103.77,-3589.75,4.84,314.75,110.31,6.66,2.33
31,Exit Long,Trim Long,2017-12-13 12:00,625.09,0.9312,296.09,103.77,-3589.75,4.84,314.75,110.31,6.66,2.33
32,Entry Long,Long,2017-11-12 16:00,306.42,0.8766,326.15,121.42,-3263.40,5.09,349.80,130.23,6.27,2.33
32,Exit Long,Trim Long,2017-12-13 16:00,679.22,0.8766,326.15,121.42,-3263.40,5.09,349.80,130.23,6.27,2.33
33,Entry Long,Long,2017-11-12 16:00,306.42,0.8253,297.81,117.76,-2965.40,4.42,329.33,130.23,5.90,2.33
33,Exit Long,Trim Long,2017-12-13 20:00,668.00,0.8253,297.81,117.76,-2965.40,4.42,329.33,130.23,5.90,2.33
34,Entry Long,Long,2017-11-12 16:00,306.42,0.7769,292.76,122.98,-2672.46,4.16,310.01,130.23,5.55,2.33
34,Exit Long,Trim Long,2017-12-14 00:00,684.00,0.7769,292.76,122.98,-2672.46,4.16,310.01,130.23,5.55,2.33
35,Entry Long,Long,2017-11-12 16:00,306.42,0.7314,288.92,128.92,-2383.37,3.94,309.57,138.13,5.23,2.33
35,Exit Long,Trim Long,2017-12-14 04:00,702.20,0.7314,288.92,128.92,-2383.37,3.94,309.57,138.13,5.23,2.33
36,Entry Long,Long,2017-11-12 16:00,306.42,0.6885,275.61,130.64,-2107.60,3.62,291.41,138.13,4.92,2.33
36,Exit Long,Trim Long,2017-12-14 08:00,707.49,0.6885,275.61,130.64,-2107.60,3.62,291.41,138.13,4.92,2.33
37,Entry Long,Long,2017-11-12 16:00,306.42,0.6482,241.67,121.67,-1865.78,3.06,285.82,143.9,4.63,2.33
37,Exit Long,Trim Long,2017-12-14 12:00,679.99,0.6482,241.67,121.67,-1865.78,3.06,285.82,143.9,4.63,2.33
38,Entry Long,Long,2017-11-12 16:00,306.42,0.6102,322.02,172.22,-1543.62,3.96,326.66,174.7,4.36,2.33
38,Exit Long,Trim Long,2017-12-19 08:00,835.00,0.6102,322.02,172.22,-1543.62,3.96,326.66,174.7,4.36,2.33
39,Entry Long,Long,2017-11-12 16:00,306.42,0.5744,517.53,294.04,-1025.96,6.12,527.50,299.7,4.11,2.33
39,Exit Long,Trim Long,2018-01-08 04:00,1208.55,0.5744,517.53,294.04,-1025.96,6.12,527.50,299.7,4.11,2.33
40,Entry Long,Long,2017-11-12 16:00,306.42,0.5408,481.58,290.61,-544.25,5.37,504.31,304.33,3.87,2.33
40,Exit Long,Trim Long,2018-01-08 08:00,1198.05,0.5408,481.58,290.61,-544.25,5.37,504.31,304.33,3.87,2.33
41,Entry Long,Long,2017-11-12 16:00,306.42,0.5091,500.64,320.93,-43.50,5.29,519.21,332.83,3.64,2.33
41,Exit Long,Trim Long,2018-01-10 00:00,1291.00,0.5091,500.64,320.93,-43.50,5.29,519.21,332.83,3.64,2.33
42,Entry Long,Long,2017-11-12 16:00,306.42,0.4793,499.59,340.17,456.21,5.02,520.18,354.19,3.43,2.33
42,Exit Long,Trim Long,2018-01-10 04:00,1350.00,0.4793,499.59,340.17,456.21,5.02,520.18,354.19,3.43,2.33
43,Entry Long,Long,2017-11-12 16:00,306.42,0.4512,455.24,329.27,911.55,4.35,511.37,369.87,3.23,2.33
43,Exit Long,Trim Long,2018-01-10 08:00,1316.59,0.4512,455.24,329.27,911.55,4.35,511.37,369.87,3.23,2.33
44,Entry Long,Long,2017-11-12 16:00,306.42,0.4247,437.17,335.93,1348.81,4.01,481.33,369.87,3.04,2.33
44,Exit Long,Trim Long,2018-01-10 12:00,1337.01,0.4247,437.17,335.93,1348.81,4.01,481.33,369.87,3.04,2.33
45,Entry Long,Long,2017-11-12 16:00,306.42,0.3998,416.27,339.79,1765.17,3.67,453.11,369.87,2.86,2.33
45,Exit Long,Trim Long,2018-01-10 16:00,1348.85,0.3998,416.27,339.79,1765.17,3.67,453.11,369.87,2.86,2.33
46,Entry Long,Long,2017-11-12 16:00,306.42,6.4242,4992.67,253.63,6759.32,42.43,7280.87,369.87,45.93,2.33
46,Exit Long,Short,2018-01-31 00:00,1084.63,6.4242,4992.67,253.63,6759.32,42.43,7280.87,369.87,45.93,2.33
47,Entry Short,Short,2018-01-31 00:00,1084.63,15.4492,-444.74,-2.65,6314.58,-2.65,846.87,5.05,512.66,3.06
47,Exit Short,Long,2018-01-31 08:00,1111.77,15.4492,-444.74,-2.65,6314.58,-2.65,846.87,5.05,512.66,3.06
48,Entry Long,Long,2018-01-31 08:00,1111.77,14.6797,-167.50,-1.03,6147.08,-1.03,328.77,2.01,552.01,3.38
48,Exit Long,Short,2018-01-31 16:00,1102.02,14.6797,-167.50,-1.03,6147.08,-1.03,328.77,2.01,552.01,3.38
49,Entry Short,Short,2018-01-31 16:00,1102.02,14.6632,-375.54,-2.32,5771.54,-2.33,222.79,1.38,363.74,2.25
49,Exit Short,Long,2018-02-01 00:00,1125.96,14.6632,-375.54,-2.32,5771.54,-2.33,222.79,1.38,363.74,2.25
50,Entry Long,Long,2018-02-01 00:00,1125.96,14.0475,-681.92,-4.31,5089.63,-4.32,536.41,3.39,783.91,4.96
50,Exit Long,Short,2018-02-01 16:00,1079.07,14.0475,-681.92,-4.31,5089.63,-4.32,536.41,3.39,783.91,4.96
51,Entry Short,Short,2018-02-01 16:00,1079.07,13.9944,2597.94,17.2,7687.57,17.22,7111.40,47.09,149.73,0.99
51,Exit Short,Long,2018-02-10 04:00,891.95,13.9944,2597.94,17.2,7687.57,17.22,7111.40,47.09,149.73,0.99
52,Entry Long,Long,2018-02-10 04:00,891.95,19.8615,-507.06,-2.86,7180.51,-2.87,369.05,2.08,2469.56,13.94
52,Exit Long,Short,2018-02-12 20:00,867.74,19.8615,-507.06,-2.86,7180.51,-2.87,369.05,2.08,2469.56,13.94
53,Entry Short,Short,2018-02-12 20:00,867.74,19.814,-70.41,-0.41,7110.11,-0.41,933.03,5.43,207.47,1.21
53,Exit Short,Long,2018-02-14 08:00,869.99,19.814,-70.41,-0.41,7110.11,-0.41,933.03,5.43,207.47,1.21
54,Entry Long,Long,2018-02-14 08:00,869.99,19.6859,-586.91,-3.43,6523.20,-3.43,2123.27,12.4,1666.46,9.73
54,Exit Long,Short,2018-02-26 00:00,841.46,19.6859,-586.91,-3.43,6523.20,-3.43,2123.27,12.4,1666.46,9.73
55,Entry Short,Short,2018-02-26 00:00,841.46,19.651,-685.38,-4.14,5837.82,-4.15,153.85,0.93,809.05,4.89
55,Exit Short,Long,2018-02-26 16:00,875.05,19.651,-685.38,-4.14,5837.82,-4.15,153.85,0.93,809.05,4.89
56,Entry Long,Long,2018-02-26 16:00,875.05,18.114,-223.42,-1.41,5614.40,-1.41,77.78,0.49,338.85,2.14
56,Exit Long,Short,2018-02-26 20:00,864.02,18.114,-223.42,-1.41,5614.40,-1.41,77.78,0.49,338.85,2.14
57,Entry Short,Short,2018-02-26 20:00,864.02,18.0853,-95.11,-0.61,5519.29,-0.61,97.15,0.62,205.59,1.32
57,Exit Short,Long,2018-02-27 00:00,867.98,18.0853,-95.11,-0.61,5519.29,-0.61,97.15,0.62,205.59,1.32
58,Entry Long,Long,2018-02-27 00:00,867.98,17.8933,-282.20,-1.82,5237.09,-1.82,516.38,3.32,328.00,2.11
58,Exit Long,Short,2018-03-01 00:00,853.50,17.8933,-282.20,-1.82,5237.09,-1.82,516.38,3.32,328.00,2.11
59,Entry Short,Short,2018-03-01 00:00,853.50,17.8659,-302.15,-1.98,4934.94,-1.98,75.21,0.49,388.76,2.55
59,Exit Short,Long,2018-03-01 12:00,869.12,17.8659,-302.15,-1.98,4934.94,-1.98,75.21,0.49,388.76,2.55
60,Entry Long,Long,2018-03-01 12:00,869.12,17.1994,-265.10,-1.77,4669.85,-1.78,175.23,1.17,340.06,2.27
60,Exit Long,Short,2018-03-02 16:00,855.00,17.1994,-265.10,-1.77,4669.85,-1.78,175.23,1.17,340.06,2.27
61,Entry Short,Short,2018-03-02 16:00,855.00,17.1706,-182.34,-1.24,4487.51,-1.24,311.11,2.12,281.96,1.92
61,Exit Short,Long,2018-03-04 20:00,864.33,17.1706,-182.34,-1.24,4487.51,-1.24,311.11,2.12,281.96,1.92
62,Entry Long,Long,2018-03-04 20:00,864.33,16.7744,-80.92,-0.56,4406.59,-0.56,113.59,0.78,116.89,0.81
62,Exit Long,Short,2018-03-05 16:00,860.80,16.7744,-80.92,-0.56,4406.59,-0.56,113.59,0.78,116.89,0.81
63,Entry Short,Short,2018-03-05 16:00,860.80,16.7488,7512.94,52.11,11919.53,52.15,8428.91,58.46,64.07,0.44
63,Exit Short,Long,2018-04-09 04:00,411.28,16.7488,7512.94,52.11,11919.53,52.15,8428.91,58.46,64.07,0.44
64,Entry Long,Long,2018-04-09 04:00,411.28,53.2165,14923.09,68.18,26842.61,68.08,22798.03,104.16,1303.19,5.95
64,Exit Long,Short,2018-05-11 08:00,692.53,53.2165,14923.09,68.18,26842.61,68.08,22798.03,104.16,1303.19,5.95
65,Entry Short,Short,2018-05-11 08:00,692.53,53.2399,-1918.50,-5.2,24924.11,-5.21,3131.07,8.49,1987.41,5.39
65,Exit Short,Long,2018-05-13 16:00,727.50,53.2399,-1918.50,-5.2,24924.11,-5.21,3131.07,8.49,1987.41,5.39
66,Entry Long,Long,2018-05-13 16:00,727.50,48.1138,-2382.83,-6.81,22541.28,-6.82,762.81,2.18,2623.44,7.49
66,Exit Long,Short,2018-05-16 04:00,679.03,48.1138,-2382.83,-6.81,22541.28,-6.82,762.81,2.18,2623.44,7.49
67,Entry Short,Short,2018-05-16 04:00,679.03,47.9591,-1494.94,-4.59,21046.34,-4.59,1080.07,3.32,1953.34,6
67,Exit Short,Long,2018-05-19 12:00,709.16,47.9591,-1494.94,-4.59,21046.34,-4.59,1080.07,3.32,1953.34,6
68,Entry Long,Long,2018-05-19 12:00,709.16,43.815,-272.52,-0.88,20773.82,-0.88,355.26,1.14,586.76,1.89
68,Exit Long,Short,2018-05-19 20:00,704.00,43.815,-272.52,-0.88,20773.82,-0.88,355.26,1.14,586.76,1.89
69,Entry Short,Short,2018-05-19 20:00,704.00,43.7456,-202.92,-0.66,20570.90,-0.66,851.81,2.77,275.51,0.89
69,Exit Short,Long,2018-05-20 08:00,707.58,43.7456,-202.92,-0.66,20570.90,-0.66,851.81,2.77,275.51,0.89
70,Entry Long,Long,2018-05-20 08:00,707.58,43.2364,-330.17,-1.08,20240.72,-1.08,941.23,3.08,556.05,1.82
70,Exit Long,Short,2018-05-21 16:00,701.00,43.2364,-330.17,-1.08,20240.72,-1.08,941.23,3.08,556.05,1.82
71,Entry Short,Short,2018-05-21 16:00,701.00,43.1718,4632.32,15.31,24873.05,15.32,8391.06,27.73,26.58,0.09
71,Exit Short,Long,2018-06-02 12:00,592.73,43.1718,4632.32,15.31,24873.05,15.32,8391.06,27.73,26.58,0.09
72,Entry Long,Long,2018-06-02 12:00,592.73,58.867,-68.22,-0.2,24804.83,-0.2,2097.75,6.01,362.89,1.04
72,Exit Long,Short,2018-06-04 12:00,592.46,58.867,-68.22,-0.2,24804.83,-0.2,2097.75,6.01,362.89,1.04
73,Entry Short,Short,2018-06-04 12:00,592.46,58.7904,-504.10,-1.45,24300.73,-1.45,1273.14,3.66,998.52,2.87
73,Exit Short,Long,2018-06-05 16:00,600.14,58.7904,-504.10,-1.45,24300.73,-1.45,1273.14,3.66,998.52,2.87
74,Entry Long,Long,2018-06-05 16:00,600.14,57.2025,-256.13,-0.75,24044.60,-0.75,995.89,2.9,411.29,1.2
74,Exit Long,Short,2018-06-08 12:00,596.56,57.2025,-256.13,-0.75,24044.60,-0.75,995.89,2.9,411.29,1.2
75,Entry Short,Short,2018-06-08 12:00,596.56,57.1111,-243.71,-0.72,23800.89,-0.72,158.92,0.47,254.57,0.75
75,Exit Short,Long,2018-06-08 16:00,599.93,57.1111,-243.71,-0.72,23800.89,-0.72,158.92,0.47,254.57,0.75
76,Entry Long,Long,2018-06-08 16:00,599.93,56.3842,-187.09,-0.55,23613.80,-0.55,144.35,0.43,267.26,0.79
76,Exit Long,Short,2018-06-08 20:00,597.51,56.3842,-187.09,-0.55,23613.80,-0.55,144.35,0.43,267.26,0.79
77,Entry Short,Short,2018-06-08 20:00,597.51,56.2987,-537.24,-1.6,23076.56,-1.6,29.94,0.09,670.41,1.99
77,Exit Short,Long,2018-06-09 04:00,606.15,56.2987,-537.24,-1.6,23076.56,-1.6,29.94,0.09,670.41,1.99
78,Entry Long,Long,2018-06-09 04:00,606.15,54.6141,-797.85,-2.41,22278.71,-2.41,90.95,0.27,852.23,2.57
78,Exit Long,Short,2018-06-10 00:00,592.44,54.6141,-797.85,-2.41,22278.71,-2.41,90.95,0.27,852.23,2.57
79,Entry Short,Short,2018-06-10 00:00,592.44,54.5253,3158.95,9.78,25437.65,9.79,7793.61,24.13,47.67,0.15
79,Exit Short,Long,2018-06-19 12:00,533.66,54.5253,3158.95,9.78,25437.65,9.79,7793.61,24.13,47.67,0.15
80,Entry Long,Long,2018-06-19 12:00,533.66,66.3687,-999.50,-2.82,24438.15,-2.82,938.44,2.65,1198.64,3.38
80,Exit Long,Short,2018-06-20 04:00,519.39,66.3687,-999.50,-2.82,24438.15,-2.82,938.44,2.65,1198.64,3.38
81,Entry Short,Short,2018-06-20 04:00,519.39,66.3547,-440.83,-1.28,23997.33,-1.28,260.14,0.75,429.95,1.25
81,Exit Short,Long,2018-06-20 08:00,525.25,66.3547,-440.83,-1.28,23997.33,-1.28,260.14,0.75,429.95,1.25
82,Entry Long,Long,2018-06-20 08:00,525.25,64.7757,-131.30,-0.39,23866.03,-0.39,1252.51,3.68,491.25,1.44
82,Exit Long,Short,2018-06-21 20:00,524.01,64.7757,-131.30,-0.39,23866.03,-0.39,1252.51,3.68,491.25,1.44
83,Entry Short,Short,2018-06-21 20:00,524.01,64.6772,-200.35,-0.59,23665.68,-0.59,26.97,0.08,289.95,0.86
83,Exit Short,Long,2018-06-22 00:00,526.32,64.6772,-200.35,-0.59,23665.68,-0.59,26.97,0.08,289.95,0.86
84,Entry Long,Long,2018-06-22 00:00,526.32,64.047,-696.31,-2.07,22969.36,-2.07,0,0,1039.79,3.08
84,Exit Long,Short,2018-06-22 04:00,516.23,64.047,-696.31,-2.07,22969.36,-2.07,0,0,1039.79,3.08
85,Entry Short,Short,2018-06-22 04:00,516.23,63.9136,2624.10,7.95,25593.46,7.96,7117.60,21.57,84.19,0.26
85,Exit Short,Long,2018-07-02 16:00,474.43,63.9136,2624.10,7.95,25593.46,7.96,7117.60,21.57,84.19,0.26
86,Entry Long,Long,2018-07-02 16:00,474.43,75.0715,-1066.88,-3,24526.58,-3,915.44,2.57,1335.21,3.75
86,Exit Long,Short,2018-07-04 08:00,460.92,75.0715,-1066.88,-3,24526.58,-3,915.44,2.57,1335.21,3.75
87,Entry Short,Short,2018-07-04 08:00,460.92,74.9642,-482.45,-1.4,24044.14,-1.4,160.00,0.46,582.15,1.68
87,Exit Short,Long,2018-07-04 12:00,466.66,74.9642,-482.45,-1.4,24044.14,-1.4,160.00,0.46,582.15,1.68
88,Entry Long,Long,2018-07-04 12:00,466.66,73.0629,-341.72,-1,23702.42,-1,1146.36,3.36,599.85,1.76
88,Exit Long,Short,2018-07-05 20:00,462.68,73.0629,-341.72,-1,23702.42,-1,1146.36,3.36,599.85,1.76
89,Entry Short,Short,2018-07-05 20:00,462.68,72.8965,-423.37,-1.26,23279.05,-1.26,65.82,0.2,599.72,1.78
89,Exit Short,Long,2018-07-06 00:00,467.79,72.8965,-423.37,-1.26,23279.05,-1.26,65.82,0.2,599.72,1.78
90,Entry Long,Long,2018-07-06 00:00,467.79,71.171,-818.01,-2.46,22461.04,-2.46,168.62,0.51,1199.29,3.6
90,Exit Long,Short,2018-07-06 08:00,456.99,71.171,-818.01,-2.46,22461.04,-2.46,168.62,0.51,1199.29,3.6
91,Entry Short,Short,2018-07-06 08:00,456.99,71.0856,-827.70,-2.55,21633.34,-2.55,70.89,0.22,989.00,3.04
91,Exit Short,Long,2018-07-06 16:00,467.94,71.0856,-827.70,-2.55,21633.34,-2.55,70.89,0.22,989.00,3.04
92,Entry Long,Long,2018-07-06 16:00,467.94,67.6575,-685.70,-2.17,20947.65,-2.17,1873.37,5.92,1237.52,3.91
92,Exit Long,Short,2018-07-10 04:00,458.50,67.6575,-685.70,-2.17,20947.65,-2.17,1873.37,5.92,1237.52,3.91
93,Entry Short,Short,2018-07-10 04:00,458.50,67.5484,334.80,1.08,21282.45,1.08,2784.08,8.99,394.74,1.27
93,Exit Short,Long,2018-07-15 16:00,452.86,67.5484,334.80,1.08,21282.45,1.08,2784.08,8.99,394.74,1.27
94,Entry Long,Long,2018-07-15 16:00,452.86,69.098,429.48,1.37,21711.93,1.37,4302.76,13.75,633.60,2.02
94,Exit Long,Short,2018-07-20 08:00,459.76,69.098,429.48,1.37,21711.93,1.37,4302.76,13.75,633.60,2.02
95,Entry Short,Short,2018-07-20 08:00,459.76,69.0267,-438.59,-1.38,21273.34,-1.38,28.66,0.09,694.74,2.19
95,Exit Short,Long,2018-07-20 12:00,465.42,69.0267,-438.59,-1.38,21273.34,-1.38,28.66,0.09,694.74,2.19
96,Entry Long,Long,2018-07-20 12:00,465.42,67.3217,-551.53,-1.76,20721.81,-1.76,27.66,0.09,578.23,1.85
96,Exit Long,Short,2018-07-20 16:00,457.92,67.3217,-551.53,-1.76,20721.81,-1.76,27.66,0.09,578.23,1.85
97,Entry Short,Short,2018-07-20 16:00,457.92,67.1405,-589.02,-1.92,20132.79,-1.92,1180.10,3.84,902.60,2.94
97,Exit Short,Long,2018-07-21 16:00,466.00,67.1405,-589.02,-1.92,20132.79,-1.92,1180.10,3.84,902.60,2.94
98,Entry Long,Long,2018-07-21 16:00,466.00,64.6564,-417.98,-1.39,19714.81,-1.39,169.43,0.56,395.66,1.31
98,Exit Long,Short,2018-07-22 00:00,460.23,64.6564,-417.98,-1.39,19714.81,-1.39,169.43,0.56,395.66,1.31
99,Entry Short,Short,2018-07-22 00:00,460.23,64.6136,-281.27,-0.95,19433.54,-0.95,284.61,0.96,476.54,1.6
99,Exit Short,Long,2018-07-22 12:00,463.89,64.6136,-281.27,-0.95,19433.54,-0.95,284.61,0.96,476.54,1.6
100,Entry Long,Long,2018-07-22 12:00,463.89,63.495,-451.51,-1.53,18982.02,-1.53,505.55,1.72,637.99,2.17
100,Exit Long,Short,2018-07-23 00:00,457.47,63.495,-451.51,-1.53,18982.02,-1.53,505.55,1.72,637.99,2.17
101,Entry Short,Short,2018-07-23 00:00,457.47,63.4004,-573.93,-1.98,18408.09,-1.98,134.85,0.46,719.16,2.48
101,Exit Short,Long,2018-07-23 04:00,465.83,63.4004,-573.93,-1.98,18408.09,-1.98,134.85,0.46,719.16,2.48
102,Entry Long,Long,2018-07-23 04:00,465.83,60.9913,-246.78,-0.87,18161.31,-0.87,222.05,0.78,447.64,1.58
102,Exit Long,Short,2018-07-23 12:00,462.48,60.9913,-246.78,-0.87,18161.31,-0.87,222.05,0.78,447.64,1.58
103,Entry Short,Short,2018-07-23 12:00,462.48,60.9377,-100.82,-0.36,18060.49,-0.36,118.41,0.42,173.48,0.62
103,Exit Short,Long,2018-07-23 16:00,463.44,60.9377,-100.82,-0.36,18060.49,-0.36,118.41,0.42,173.48,0.62
104,Entry Long,Long,2018-07-23 16:00,463.44,60.5808,-778.83,-2.77,17281.66,-2.78,71.63,0.26,825.57,2.94
104,Exit Long,Short,2018-07-23 20:00,451.27,60.5808,-778.83,-2.77,17281.66,-2.78,71.63,0.26,825.57,2.94
105,Entry Short,Short,2018-07-23 20:00,451.27,60.5007,-1316.66,-4.82,15965.00,-4.83,231.21,0.85,1577.16,5.78
105,Exit Short,Long,2018-07-24 08:00,472.34,60.5007,-1316.66,-4.82,15965.00,-4.83,231.21,0.85,1577.16,5.78
106,Entry Long,Long,2018-07-24 08:00,472.34,55.0188,-2100.64,-8.08,13864.36,-8.09,719.41,2.77,2497.54,9.61
106,Exit Long,Short,2018-07-31 20:00,434.84,55.0188,-2100.64,-8.08,13864.36,-8.09,719.41,2.77,2497.54,9.61
107,Entry Short,Short,2018-07-31 20:00,434.84,54.922,8050.91,33.71,21915.27,33.74,10133.87,42.43,26.15,0.11
107,Exit Short,Long,2018-08-28 00:00,287.71,54.922,8050.91,33.71,21915.27,33.74,10133.87,42.43,26.15,0.11
108,Entry Long,Long,2018-08-28 00:00,287.71,110.9698,-7697.96,-24.11,14217.32,-24.12,1561.81,4.89,13383.60,41.92
108,Exit Long,Short,2018-10-03 04:00,218.72,110.9698,-7697.96,-24.11,14217.32,-24.12,1561.81,4.89,13383.60,41.92
109,Entry Short,Short,2018-10-03 04:00,218.72,110.8061,-749.37,-3.09,13467.95,-3.09,225.60,0.93,953.38,3.93
109,Exit Short,Long,2018-10-04 04:00,225.15,110.8061,-749.37,-3.09,13467.95,-3.09,225.60,0.93,953.38,3.93
110,Entry Long,Long,2018-10-04 04:00,225.15,104.2105,-157.03,-0.67,13310.92,-0.67,670.19,2.86,622.02,2.65
110,Exit Long,Short,2018-10-07 08:00,223.98,104.2105,-157.03,-0.67,13310.92,-0.67,670.19,2.86,622.02,2.65
111,Entry Short,Short,2018-10-07 08:00,223.98,104.154,-272.64,-1.17,13038.27,-1.17,242.89,1.04,410.16,1.76
111,Exit Short,Long,2018-10-08 00:00,226.26,104.154,-272.64,-1.17,13038.27,-1.17,242.89,1.04,410.16,1.76
112,Entry Long,Long,2018-10-08 00:00,226.26,102.0095,-61.12,-0.26,12977.15,-0.27,639.63,2.77,242.75,1.05
112,Exit Long,Short,2018-10-10 08:00,226.00,102.0095,-61.12,-0.26,12977.15,-0.27,639.63,2.77,242.75,1.05
113,Entry Short,Short,2018-10-10 08:00,226.00,101.7453,-61.98,-0.27,12915.17,-0.27,33.63,0.15,97.62,0.42
113,Exit Short,Long,2018-10-10 12:00,226.27,101.7453,-61.98,-0.27,12915.17,-0.27,33.63,0.15,97.62,0.42
114,Entry Long,Long,2018-10-10 12:00,226.27,101.287,-174.05,-0.76,12741.12,-0.76,87.14,0.38,169.12,0.74
114,Exit Long,Short,2018-10-10 16:00,224.89,101.287,-174.05,-0.76,12741.12,-0.76,87.14,0.38,169.12,0.74
115,Entry Short,Short,2018-10-10 16:00,224.89,101.1971,-232.63,-1.02,12508.49,-1.02,0,0,321.67,1.41
115,Exit Short,Long,2018-10-10 20:00,226.85,101.1971,-232.63,-1.02,12508.49,-1.02,0,0,321.67,1.41
116,Entry Long,Long,2018-10-10 20:00,226.85,99.2977,-1661.05,-7.37,10847.44,-7.38,1189.57,5.28,3774.32,16.76
116,Exit Long,Short,2018-10-15 20:00,210.45,99.2977,-1661.05,-7.37,10847.44,-7.38,1189.57,5.28,3774.32,16.76
117,Entry Short,Short,2018-10-15 20:00,210.45,99.1357,-422.18,-2.02,10425.25,-2.03,115.21,0.55,536.11,2.57
117,Exit Short,Long,2018-10-16 00:00,214.39,99.1357,-422.18,-2.02,10425.25,-2.03,115.21,0.55,536.11,2.57
118,Entry Long,Long,2018-10-16 00:00,214.39,95.3458,-220.26,-1.08,10205.00,-1.08,0,0,286.11,1.4
118,Exit Long,Short,2018-10-16 04:00,212.40,95.3458,-220.26,-1.08,10205.00,-1.08,0,0,286.11,1.4
119,Entry Short,Short,2018-10-16 04:00,212.40,95.1985,-380.92,-1.88,9824.07,-1.89,8.63,0.04,733.91,3.63
119,Exit Short,Long,2018-10-16 08:00,216.08,95.1985,-380.92,-1.88,9824.07,-1.89,8.63,0.04,733.91,3.63
120,Entry Long,Long,2018-10-16 08:00,216.08,91.8501,-352.84,-1.78,9471.23,-1.78,68.70,0.35,573.33,2.89
120,Exit Long,Short,2018-10-17 12:00,212.56,91.8501,-352.84,-1.78,9471.23,-1.78,68.70,0.35,573.33,2.89
121,Entry Short,Short,2018-10-17 12:00,212.56,91.6723,-140.24,-0.72,9331.00,-0.72,80.72,0.41,229.13,1.18
121,Exit Short,Long,2018-10-17 16:00,213.77,91.6723,-140.24,-0.72,9331.00,-0.72,80.72,0.41,229.13,1.18
122,Entry Long,Long,2018-10-17 16:00,213.77,90.4977,-136.63,-0.71,9194.37,-0.71,6.31,0.03,125.82,0.65
122,Exit Long,Short,2018-10-17 20:00,212.58,90.4977,-136.63,-0.71,9194.37,-0.71,6.31,0.03,125.82,0.65
123,Entry Short,Short,2018-10-17 20:00,212.58,90.3603,-177.12,-0.92,9017.25,-0.92,56.07,0.29,260.19,1.35
123,Exit Short,Long,2018-10-18 04:00,214.22,90.3603,-177.12,-0.92,9017.25,-0.92,56.07,0.29,260.19,1.35
124,Entry Long,Long,2018-10-18 04:00,214.22,89.0264,-284.81,-1.49,8732.44,-1.5,13.29,0.07,317.88,1.67
124,Exit Long,Short,2018-10-18 12:00,211.34,89.0264,-284.81,-1.49,8732.44,-1.5,13.29,0.07,317.88,1.67
125,Entry Short,Short,2018-10-18 12:00,211.34,88.7032,748.62,3.99,9481.06,4,1611.87,8.6,102.76,0.55
125,Exit Short,Long,2018-11-02 20:00,202.59,88.7032,748.62,3.99,9481.06,4,1611.87,8.6,102.76,0.55
126,Entry Long,Long,2018-11-02 20:00,202.59,96.2356,-152.33,-0.78,9328.72,-0.78,20.98,0.11,164.75,0.85
126,Exit Long,Short,2018-11-03 04:00,201.31,96.2356,-152.33,-0.78,9328.72,-0.78,20.98,0.11,164.75,0.85
127,Entry Short,Short,2018-11-03 04:00,201.31,96.0868,-86.71,-0.45,9242.01,-0.45,246.85,1.28,212.45,1.1
127,Exit Short,Long,2018-11-04 12:00,201.91,96.0868,-86.71,-0.45,9242.01,-0.45,246.85,1.28,212.45,1.1
128,Entry Long,Long,2018-11-04 12:00,201.91,95.4004,224.68,1.17,9466.70,1.17,2169.27,11.26,48.79,0.25
128,Exit Long,Short,2018-11-14 12:00,204.57,95.4004,224.68,1.17,9466.70,1.17,2169.27,11.26,48.79,0.25
129,Entry Short,Short,2018-11-14 12:00,204.57,95.2305,10371.08,53.24,19837.77,53.28,11677.79,59.94,92.70,0.48
129,Exit Short,Long,2018-12-17 20:00,95.44,95.2305,10371.08,53.24,19837.77,53.28,11677.79,59.94,92.70,0.48
130,Entry Long,Long,2018-12-17 20:00,95.44,18.332,965.50,55.18,20782.19,3.24,1001.45,57.24,76.47,4.37
130,Exit Long,Trim Long,2018-12-24 04:00,148.29,18.332,965.50,55.18,20782.19,3.24,1001.45,57.24,76.47,4.37
131,Entry Long,Long,2018-12-17 20:00,95.44,17.2577,865.63,52.56,21649.05,2.81,942.76,57.24,71.99,4.37
131,Exit Long,Trim Long,2018-12-24 08:00,145.78,17.2577,865.63,52.56,21649.05,2.81,942.76,57.24,71.99,4.37
132,Entry Long,Long,2018-12-17 20:00,95.44,16.2464,771.40,49.75,22421.61,2.44,887.52,57.24,67.77,4.37
132,Exit Long,Trim Long,2018-12-24 12:00,143.10,16.2464,771.40,49.75,22421.61,2.44,887.52,57.24,67.77,4.37
133,Entry Long,Long,2018-12-17 20:00,95.44,15.2944,743.92,50.96,23166.63,2.29,950.68,65.13,63.80,4.37
133,Exit Long,Trim Long,2018-12-24 16:00,144.26,15.2944,743.92,50.96,23166.63,2.29,950.68,65.13,63.80,4.37
134,Entry Long,Long,2018-12-17 20:00,95.44,245.703,9788.03,41.74,32972.25,29.5,15663.18,66.79,1024.97,4.37
134,Exit Long,Short,2019-01-10 08:00,135.45,245.703,9788.03,41.74,32972.25,29.5,15663.18,66.79,1024.97,4.37
135,Entry Short,Short,2019-01-10 08:00,135.45,317.4396,7890.15,18.35,40862.40,18.36,10932.12,25.43,54.47,0.13
135,Exit Short,Long,2019-02-03 00:00,110.41,317.4396,7890.15,18.35,40862.40,18.36,10932.12,25.43,54.47,0.13
136,Entry Long,Long,2019-02-03 00:00,110.41,460.836,-375.64,-0.74,40486.76,-0.74,284.42,0.56,499.00,0.98
136,Exit Long,Short,2019-02-03 04:00,109.76,460.836,-375.64,-0.74,40486.76,-0.74,284.42,0.56,499.00,0.98
137,Entry Short,Short,2019-02-03 04:00,109.76,460.3197,587.57,1.16,41074.33,1.16,3897.84,7.71,189.80,0.38
137,Exit Short,Long,2019-02-08 12:00,108.32,460.3197,587.57,1.16,41074.33,1.16,3897.84,7.71,189.80,0.38
138,Entry Long,Long,2019-02-08 12:00,108.32,471.4285,11789.78,23.09,52864.11,23.08,27153.70,53.17,137.30,0.27
138,Exit Long,Short,2019-03-09 00:00,133.51,471.4285,11789.78,23.09,52864.11,23.08,27153.70,53.17,137.30,0.27
139,Entry Short,Short,2019-03-09 00:00,133.51,471.2105,-1796.71,-2.86,51067.40,-2.86,226.12,0.36,2233.60,3.55
139,Exit Short,Long,2019-03-09 08:00,137.12,471.2105,-1796.71,-2.86,51067.40,-2.86,226.12,0.36,2233.60,3.55
140,Entry Long,Long,2019-03-09 08:00,137.12,445.9113,-1071.98,-1.75,49995.41,-1.76,636.39,1.04,1437.10,2.35
140,Exit Long,Short,2019-03-10 08:00,134.92,445.9113,-1071.98,-1.75,49995.41,-1.76,636.39,1.04,1437.10,2.35
141,Entry Short,Short,2019-03-10 08:00,134.92,445.0084,-481.96,-0.8,49513.45,-0.8,306.53,0.51,743.69,1.24
141,Exit Short,Long,2019-03-11 04:00,135.80,445.0084,-481.96,-0.8,49513.45,-0.8,306.53,0.51,743.69,1.24
142,Entry Long,Long,2019-03-11 04:00,135.80,438.447,-1092.60,-1.84,48420.85,-1.84,16.73,0.03,1281.08,2.15
142,Exit Long,Short,2019-03-11 08:00,133.51,438.447,-1092.60,-1.84,48420.85,-1.84,16.73,0.03,1281.08,2.15
143,Entry Short,Short,2019-03-11 08:00,133.51,437.9055,-714.37,-1.22,47706.48,-1.22,2141.30,3.66,827.70,1.42
143,Exit Short,Long,2019-03-15 12:00,134.94,437.9055,-714.37,-1.22,47706.48,-1.22,2141.30,3.66,827.70,1.42
144,Entry Long,Long,2019-03-15 12:00,134.94,428.1664,208.55,0.36,47915.03,0.36,4037.09,6.99,1640.39,2.84
144,Exit Long,Short,2019-03-22 08:00,135.63,428.1664,208.55,0.36,47915.03,0.36,4037.09,6.99,1640.39,2.84
145,Entry Short,Short,2019-03-22 08:00,135.63,427.3287,-621.50,-1.07,47293.53,-1.07,16.36,0.03,714.38,1.23
145,Exit Short,Long,2019-03-22 20:00,136.88,427.3287,-621.50,-1.07,47293.53,-1.07,16.36,0.03,714.38,1.23
146,Entry Long,Long,2019-03-22 20:00,136.88,418.8262,-487.76,-0.85,46805.76,-0.85,0,0,453.45,0.79
146,Exit Long,Short,2019-03-23 00:00,135.92,418.8262,-487.76,-0.85,46805.76,-0.85,0,0,453.45,0.79
147,Entry Short,Short,2019-03-23 00:00,135.92,418.2496,-466.17,-0.82,46339.60,-0.82,91.20,0.16,494.35,0.87
147,Exit Short,Long,2019-03-23 04:00,136.83,418.2496,-466.17,-0.82,46339.60,-0.82,91.20,0.16,494.35,0.87
148,Entry Long,Long,2019-03-23 04:00,136.83,412.0625,-245.16,-0.43,46094.44,-0.44,526.36,0.93,413.14,0.73
148,Exit Long,Short,2019-03-23 20:00,136.44,412.0625,-245.16,-0.43,46094.44,-0.44,526.36,0.93,413.14,0.73
149,Entry Short,Short,2019-03-23 20:00,136.44,411.4381,-430.07,-0.77,45664.37,-0.77,77.21,0.14,400.05,0.71
149,Exit Short,Long,2019-03-24 00:00,137.28,411.4381,-430.07,-0.77,45664.37,-0.77,77.21,0.14,400.05,0.71
150,Entry Long,Long,2019-03-24 00:00,137.28,405.7891,-472.83,-0.85,45191.54,-0.85,0,0,686.98,1.23
150,Exit Long,Short,2019-03-24 04:00,136.32,405.7891,-472.83,-0.85,45191.54,-0.85,0,0,686.98,1.23
151,Entry Short,Short,2019-03-24 04:00,136.32,405.172,-285.59,-0.52,44905.95,-0.52,1870.99,3.39,653.23,1.18
151,Exit Short,Long,2019-03-27 04:00,136.82,405.172,-285.59,-0.52,44905.95,-0.52,1870.99,3.39,653.23,1.18
152,Entry Long,Long,2019-03-27 04:00,136.82,401.6045,12618.83,22.97,57524.78,22.98,19657.49,35.78,49.24,0.09
152,Exit Long,Short,2019-04-24 04:00,168.47,401.6045,12618.83,22.97,57524.78,22.98,19657.49,35.78,49.24,0.09
153,Entry Short,Short,2019-04-24 04:00,168.47,401.1131,2556.00,3.78,60080.78,3.79,7217.49,10.68,536.03,0.79
153,Exit Short,Long,2019-05-01 00:00,161.85,401.1131,2556.00,3.78,60080.78,3.79,7217.49,10.68,536.03,0.79
154,Entry Long,Long,2019-05-01 00:00,161.85,433.4022,-542.63,-0.77,59538.15,-0.77,827.20,1.18,1001.76,1.43
154,Exit Long,Short,2019-05-01 12:00,160.84,433.4022,-542.63,-0.77,59538.15,-0.77,827.20,1.18,1001.76,1.43
155,Entry Short,Short,2019-05-01 12:00,160.84,432.6688,-628.31,-0.9,58909.84,-0.9,1020.83,1.47,614.66,0.88
155,Exit Short,Long,2019-05-02 16:00,162.05,432.6688,-628.31,-0.9,58909.84,-0.9,1020.83,1.47,614.66,0.88
156,Entry Long,Long,2019-05-02 16:00,162.05,425.4567,-677.35,-0.98,58232.49,-0.98,16.36,0.02,906.88,1.32
156,Exit Long,Short,2019-05-02 20:00,160.70,425.4567,-677.35,-0.98,58232.49,-0.98,16.36,0.02,906.88,1.32
157,Entry Short,Short,2019-05-02 20:00,160.70,424.9147,-578.69,-0.85,57653.81,-0.85,59.26,0.09,1232.48,1.8
157,Exit Short,Long,2019-05-03 00:00,161.82,424.9147,-578.69,-0.85,57653.81,-0.85,59.26,0.09,1232.48,1.8
158,Entry Long,Long,2019-05-03 00:00,161.82,418.4514,-1.22,0,57652.59,0,3916.13,5.78,912.80,1.35
158,Exit Long,Short,2019-05-04 16:00,162.06,418.4514,-1.22,0,57652.59,0,3916.13,5.78,912.80,1.35
159,Entry Short,Short,2019-05-04 16:00,162.06,417.7674,-402.57,-0.59,57250.01,-0.6,258.37,0.38,518.68,0.77
159,Exit Short,Long,2019-05-04 20:00,162.78,417.7674,-402.57,-0.59,57250.01,-0.6,258.37,0.38,518.68,0.77
160,Entry Long,Long,2019-05-04 20:00,162.78,413.4476,-799.15,-1.19,56450.86,-1.19,1016.22,1.51,1538.89,2.29
160,Exit Long,Short,2019-05-06 04:00,161.09,413.4476,-799.15,-1.19,56450.86,-1.19,1016.22,1.51,1538.89,2.29
161,Entry Short,Short,2019-05-06 04:00,161.09,412.8178,-1723.34,-2.59,54727.52,-2.59,1411.50,2.12,1973.61,2.97
161,Exit Short,Long,2019-05-06 12:00,165.02,412.8178,-1723.34,-2.59,54727.52,-2.59,1411.50,2.12,1973.61,2.97
162,Entry Long,Long,2019-05-06 12:00,165.02,22.9862,1901.65,50.13,56583.47,2.94,1956.73,51.59,30.89,0.81
162,Exit Long,Trim Long,2019-05-16 00:00,248.06,22.9862,1901.65,50.13,56583.47,2.94,1956.73,51.59,30.89,0.81
163,Entry Long,Long,2019-05-06 12:00,165.02,21.6392,2257.70,63.23,58843.85,3.39,2345.18,65.67,29.08,0.81
163,Exit Long,Trim Long,2019-05-16 04:00,269.68,21.6392,2257.70,63.23,58843.85,3.39,2345.18,65.67,29.08,0.81
164,Entry Long,Long,2019-05-06 12:00,165.02,20.3712,1971.52,58.65,60817.89,2.86,2207.75,65.67,27.37,0.81
164,Exit Long,Trim Long,2019-05-16 08:00,262.12,20.3712,1971.52,58.65,60817.89,2.86,2207.75,65.67,27.37,0.81
165,Entry Long,Long,2019-05-06 12:00,165.02,19.1774,2150.13,67.94,62970.40,3.04,2198.04,69.46,25.77,0.81
165,Exit Long,Trim Long,2019-05-16 16:00,277.47,19.1774,2150.13,67.94,62970.40,3.04,2198.04,69.46,25.77,0.81
166,Entry Long,Long,2019-05-06 12:00,165.02,18.0536,1720.34,57.74,64692.97,2.36,2069.24,69.46,24.26,0.81
166,Exit Long,Trim Long,2019-05-16 20:00,260.63,18.0536,1720.34,57.74,64692.97,2.36,2069.24,69.46,24.26,0.81
167,Entry Long,Long,2019-05-06 12:00,165.02,16.9957,1682.71,60,66377.78,2.25,1947.98,69.46,22.84,0.81
167,Exit Long,Trim Long,2019-05-17 00:00,264.35,16.9957,1682.71,60,66377.78,2.25,1947.98,69.46,22.84,0.81
168,Entry Long,Long,2019-05-06 12:00,165.02,273.034,22806.42,50.62,89217.99,29.85,33713.21,74.83,366.89,0.81
168,Exit Long,Short,2019-06-04 16:00,248.86,273.034,22806.42,50.62,89217.99,29.85,33713.21,74.83,366.89,0.81
169,Entry Short,Short,2019-06-04 16:00,248.86,398.9048,473.85,0.48,89691.84,0.48,8821.12,8.89,1837.61,1.85
169,Exit Short,Long,2019-06-12 04:00,247.30,398.9048,473.85,0.48,89691.84,0.48,8821.12,8.89,1837.61,1.85
170,Entry Long,Long,2019-06-12 04:00,247.30,403.0959,16296.53,16.35,105988.38,16.35,48095.20,48.25,1001.88,1.01
170,Exit Long,Short,2019-07-10 16:00,288.13,403.0959,16296.53,16.35,105988.38,16.35,48095.20,48.25,1001.88,1.01
171,Entry Short,Short,2019-07-10 16:00,288.13,402.8581,28547.02,24.59,134535.40,24.61,38704.15,33.34,1114.34,0.96
171,Exit Short,Long,2019-07-31 16:00,216.89,402.8581,28547.02,24.59,134535.40,24.61,38704.15,33.34,1114.34,0.96
172,Entry Long,Long,2019-07-31 16:00,216.89,666.7017,-3741.11,-2.59,130794.29,-2.59,14732.33,10.19,6502.12,4.5
172,Exit Long,Short,2019-08-10 08:00,211.60,666.7017,-3741.11,-2.59,130794.29,-2.59,14732.33,10.19,6502.12,4.5
173,Entry Short,Short,2019-08-10 08:00,211.60,665.8794,6758.97,4.8,137553.27,4.8,22241.24,15.79,3661.47,2.6
173,Exit Short,Long,2019-08-19 08:00,201.14,665.8794,6758.97,4.8,137553.27,4.8,22241.24,15.79,3661.47,2.6
174,Entry Long,Long,2019-08-19 08:00,201.14,734.0842,-2495.43,-1.69,135057.83,-1.69,1027.09,0.7,3883.93,2.63
174,Exit Long,Short,2019-08-19 20:00,198.04,734.0842,-2495.43,-1.69,135057.83,-1.69,1027.09,0.7,3883.93,2.63
175,Entry Short,Short,2019-08-19 20:00,198.04,733.018,-3298.73,-2.27,131759.10,-2.27,15.74,0.01,4177.13,2.88
175,Exit Short,Long,2019-08-20 00:00,202.24,733.018,-3298.73,-2.27,131759.10,-2.27,15.74,0.01,4177.13,2.88
176,Entry Long,Long,2019-08-20 00:00,202.24,701.2109,-2700.15,-1.9,129058.95,-1.9,251.26,0.18,3023.40,2.13
176,Exit Long,Short,2019-08-20 04:00,198.69,701.2109,-2700.15,-1.9,129058.95,-1.9,251.26,0.18,3023.40,2.13
177,Entry Short,Short,2019-08-20 04:00,198.69,700.4047,-1246.12,-0.9,127812.82,-0.9,231.82,0.17,1372.11,0.99
177,Exit Short,Long,2019-08-20 08:00,200.17,700.4047,-1246.12,-0.9,127812.82,-0.9,231.82,0.17,1372.11,0.99
178,Entry Long,Long,2019-08-20 08:00,200.17,689.0042,-2010.71,-1.46,125802.11,-1.46,0,0,4044.54,2.93
178,Exit Long,Short,2019-08-20 12:00,197.55,689.0042,-2010.71,-1.46,125802.11,-1.46,0,0,4044.54,2.93
179,Entry Short,Short,2019-08-20 12:00,197.55,687.948,12932.04,9.52,138734.14,9.52,23247.03,17.11,968.74,0.71
179,Exit Short,Long,2019-09-03 04:00,178.47,687.948,12932.04,9.52,138734.14,9.52,23247.03,17.11,968.74,0.71
180,Entry Long,Long,2019-09-03 04:00,178.47,833.6447,-931.24,-0.63,137802.90,-0.63,597.01,0.4,1212.00,0.81
180,Exit Long,Short,2019-09-03 08:00,177.62,833.6447,-931.24,-0.63,137802.90,-0.63,597.01,0.4,1212.00,0.81
181,Entry Short,Short,2019-09-03 08:00,177.62,832.7551,-3247.04,-2.2,134555.88,-2.2,2828.69,1.91,4591.16,3.1
181,Exit Short,Long,2019-09-03 16:00,181.25,832.7551,-3247.04,-2.2,134555.88,-2.2,2828.69,1.91,4591.16,3.1
182,Entry Long,Long,2019-09-03 16:00,181.25,798.0842,-2816.78,-1.95,131739.08,-1.95,386.32,0.27,3588.14,2.48
182,Exit Long,Short,2019-09-04 08:00,177.99,798.0842,-2816.78,-1.95,131739.08,-1.95,386.32,0.27,3588.14,2.48
183,Entry Short,Short,2019-09-04 08:00,177.99,796.9302,-292.52,-0.21,131446.56,-0.21,10245.74,7.22,2345.76,1.65
183,Exit Short,Long,2019-09-07 20:00,178.09,796.9302,-292.52,-0.21,131446.56,-0.21,10245.74,7.22,2345.76,1.65
184,Entry Long,Long,2019-09-07 20:00,178.09,795.2867,-1865.40,-1.32,129581.16,-1.32,5691.42,4.02,2253.50,1.59
184,Exit Long,Short,2019-09-11 16:00,176.01,795.2867,-1865.40,-1.32,129581.16,-1.32,5691.42,4.02,2253.50,1.59
185,Entry Short,Short,2019-09-11 16:00,176.01,793.6257,-2028.29,-1.45,127552.87,-1.45,2284.05,1.64,2747.54,1.97
185,Exit Short,Long,2019-09-12 00:00,178.30,793.6257,-2028.29,-1.45,127552.87,-1.45,2284.05,1.64,2747.54,1.97
186,Entry Long,Long,2019-09-12 00:00,178.30,772.2395,-993.63,-0.72,126559.23,-0.72,336.91,0.24,1400.63,1.02
186,Exit Long,Short,2019-09-12 08:00,177.28,772.2395,-993.63,-0.72,126559.23,-0.72,336.91,0.24,1400.63,1.02
187,Entry Short,Short,2019-09-12 08:00,177.28,770.8817,-907.02,-0.66,125652.21,-0.66,0,0,1281.95,0.94
187,Exit Short,Long,2019-09-12 12:00,178.19,770.8817,-907.02,-0.66,125652.21,-0.66,0,0,1281.95,0.94
188,Entry Long,Long,2019-09-12 12:00,178.19,761.6846,-4427.77,-3.26,121224.45,-3.26,34745.28,25.6,21550.83,15.88
188,Exit Long,Short,2019-09-30 12:00,172.64,761.6846,-4427.77,-3.26,121224.45,-3.26,34745.28,25.6,21550.83,15.88
189,Entry Short,Short,2019-09-30 12:00,172.64,760.6759,-6477.27,-4.93,114747.18,-4.94,646.97,0.49,6640.31,5.06
189,Exit Short,Long,2019-10-01 00:00,180.89,760.6759,-6477.27,-4.93,114747.18,-4.94,646.97,0.49,6640.31,5.06
190,Entry Long,Long,2019-10-01 00:00,180.89,690.5214,-608.26,-0.49,114138.91,-0.49,3110.34,2.49,2551.94,2.04
190,Exit Long,Short,2019-10-01 12:00,180.28,690.5214,-608.26,-0.49,114138.91,-0.49,3110.34,2.49,2551.94,2.04
191,Entry Short,Short,2019-10-01 12:00,180.28,689.1073,-158.76,-0.13,113980.16,-0.13,4792.60,3.86,1498.95,1.21
191,Exit Short,Long,2019-10-03 00:00,180.24,689.1073,-158.76,-0.13,113980.16,-0.13,4792.60,3.86,1498.95,1.21
192,Entry Long,Long,2019-10-03 00:00,180.24,688.3783,-977.15,-0.79,113003.00,-0.79,237.37,0.19,1104.97,0.89
192,Exit Long,Short,2019-10-03 04:00,179.09,688.3783,-977.15,-0.79,113003.00,-0.79,237.37,0.19,1104.97,0.89
193,Entry Short,Short,2019-10-03 04:00,179.09,687.3383,957.19,0.78,113960.20,0.78,7750.21,6.3,628.45,0.51
193,Exit Short,Long,2019-10-07 16:00,177.43,687.3383,957.19,0.78,113960.20,0.78,7750.21,6.3,628.45,0.51
194,Entry Long,Long,2019-10-07 16:00,177.43,699.1583,-2219.10,-1.79,111741.09,-1.79,13344.78,10.76,4022.31,3.24
194,Exit Long,Short,2019-10-17 00:00,174.52,699.1583,-2219.10,-1.79,111741.09,-1.79,13344.78,10.76,4022.31,3.24
195,Entry Short,Short,2019-10-17 00:00,174.52,698.1008,-979.18,-0.8,110761.91,-0.8,14617.61,12,3190.94,2.62
195,Exit Short,Long,2019-10-25 16:00,175.66,698.1008,-979.18,-0.8,110761.91,-0.8,14617.61,12,3190.94,2.62
196,Entry Long,Long,2019-10-25 16:00,175.66,689.1044,5946.86,4.91,116708.77,4.92,15124.64,12.49,1372.52,1.13
196,Exit Long,Short,2019-11-14 16:00,184.56,689.1044,5946.86,4.91,116708.77,4.92,15124.64,12.49,1372.52,1.13
197,Entry Short,Short,2019-11-14 16:00,184.56,687.0622,71.07,0.06,116779.84,0.06,4638.76,3.66,1565.42,1.23
197,Exit Short,Long,2019-11-17 12:00,184.18,687.0622,71.07,0.06,116779.84,0.06,4638.76,3.66,1565.42,1.23
198,Entry Long,Long,2019-11-17 12:00,184.18,688.788,-1436.06,-1.13,115343.78,-1.13,1220.44,0.96,1700.02,1.34
198,Exit Long,Short,2019-11-18 12:00,182.37,688.788,-1436.06,-1.13,115343.78,-1.13,1220.44,0.96,1700.02,1.34
199,Entry Short,Short,2019-11-18 12:00,182.37,687.8214,17371.33,13.85,132715.11,13.86,34929.79,27.85,458.62,0.37
199,Exit Short,Long,2019-11-29 16:00,156.86,687.8214,17371.33,13.85,132715.11,13.86,34929.79,27.85,458.62,0.37
200,Entry Long,Long,2019-11-29 16:00,156.86,910.3405,-2633.88,-1.84,130081.23,-1.85,566.55,0.4,2710.67,1.9
200,Exit Long,Short,2019-11-29 20:00,154.20,910.3405,-2633.88,-1.84,130081.23,-1.85,566.55,0.4,2710.67,1.9
201,Entry Short,Short,2019-11-29 20:00,154.20,909.1216,2992.23,2.13,133073.45,2.14,9940.65,7.09,1059.72,0.76
201,Exit Short,Long,2019-12-08 16:00,150.68,909.1216,2992.23,2.13,133073.45,2.14,9940.65,7.09,1059.72,0.76
202,Entry Long,Long,2019-12-08 16:00,150.68,950.2003,-1515.56,-1.06,131557.89,-1.06,785.81,0.55,1608.70,1.12
202,Exit Long,Short,2019-12-09 08:00,149.31,950.2003,-1515.56,-1.06,131557.89,-1.06,785.81,0.55,1608.70,1.12
203,Entry Short,Short,2019-12-09 08:00,149.31,948.793,14466.85,10.21,146024.73,10.22,31251.36,22.06,1889.98,1.33
203,Exit Short,Long,2019-12-23 04:00,133.85,948.793,14466.85,10.21,146024.73,10.22,31251.36,22.06,1889.98,1.33
204,Entry Long,Long,2019-12-23 04:00,133.85,1166.0641,-2774.23,-1.78,143250.50,-1.78,46.19,0.03,3591.93,2.3
204,Exit Long,Short,2019-12-23 08:00,131.67,1166.0641,-2774.23,-1.78,143250.50,-1.78,46.19,0.03,3591.93,2.3
205,Entry Short,Short,2019-12-23 08:00,131.67,1164.7729,2439.28,1.59,145689.78,1.59,11253.16,7.34,3318.15,2.16
205,Exit Short,Long,2019-12-29 12:00,129.38,1164.7729,2439.28,1.59,145689.78,1.59,11253.16,7.34,3318.15,2.16
206,Entry Long,Long,2019-12-29 12:00,129.38,1204.0432,163.37,0.1,145853.16,0.1,10346.30,6.64,694.78,0.45
206,Exit Long,Short,2019-12-31 16:00,129.71,1204.0432,163.37,0.1,145853.16,0.1,10346.30,6.64,694.78,0.45
207,Entry Short,Short,2019-12-31 16:00,129.71,1202.454,-835.63,-0.54,145017.52,-0.54,1734.80,1.11,1644.09,1.05
207,Exit Short,Long,2020-01-01 04:00,130.21,1202.454,-835.63,-0.54,145017.52,-0.54,1734.80,1.11,1644.09,1.05
208,Entry Long,Long,2020-01-01 04:00,130.21,1191.605,-1566.33,-1.01,143451.19,-1.01,3267.79,2.11,1832.28,1.18
208,Exit Long,Short,2020-01-02 04:00,129.09,1191.605,-1566.33,-1.01,143451.19,-1.01,3267.79,2.11,1832.28,1.18
209,Entry Short,Short,2020-01-02 04:00,129.09,1189.6085,-4278.05,-2.79,139173.14,-2.79,3703.47,2.41,5075.84,3.31
209,Exit Short,Long,2020-01-03 12:00,132.49,1189.6085,-4278.05,-2.79,139173.14,-2.79,3703.47,2.41,5075.84,3.31
210,Entry Long,Long,2020-01-03 12:00,132.49,1127.3367,111985.75,74.98,251158.88,75.07,175662.31,117.61,1870.67,1.25
210,Exit Long,Short,2020-03-03 00:00,232.10,1127.3367,111985.75,74.98,251158.88,75.07,175662.31,117.61,1870.67,1.25
211,Entry Short,Short,2020-03-03 00:00,232.10,1126.0446,-4268.53,-1.63,246890.34,-1.63,13913.32,5.32,6197.83,2.37
211,Exit Short,Long,2020-03-06 08:00,235.54,1126.0446,-4268.53,-1.63,246890.34,-1.63,13913.32,5.32,6197.83,2.37
212,Entry Long,Long,2020-03-06 08:00,235.54,1091.6771,-4683.68,-1.82,242206.67,-1.82,17699.74,6.88,7037.67,2.74
212,Exit Long,Short,2020-03-08 04:00,231.60,1091.6771,-4683.68,-1.82,242206.67,-1.82,17699.74,6.88,7037.67,2.74
213,Entry Short,Short,2020-03-08 04:00,231.60,1089.7941,93294.02,36.96,335500.70,36.99,158484.72,62.79,1398.97,0.55
213,Exit Short,Long,2020-03-20 12:00,145.71,1089.7941,93294.02,36.96,335500.70,36.99,158484.72,62.79,1398.97,0.55
214,Entry Long,Long,2020-03-20 12:00,145.71,2372.9208,94824.95,27.43,430325.62,27.45,193347.30,55.92,69002.84,19.96
214,Exit Long,Short,2020-05-10 04:00,185.92,2372.9208,94824.95,27.43,430325.62,27.45,193347.30,55.92,69002.84,19.96
215,Entry Short,Short,2020-05-10 04:00,185.92,2370.1406,-29645.83,-6.73,400679.80,-6.73,23181.30,5.26,29957.25,6.8
215,Exit Short,Long,2020-05-13 16:00,198.14,2370.1406,-29645.83,-6.73,400679.80,-6.73,23181.30,5.26,29957.25,6.8
216,Entry Long,Long,2020-05-13 16:00,198.14,2074.2282,-1031.02,-0.25,399648.78,-0.25,16036.68,3.9,6033.11,1.47
216,Exit Long,Short,2020-05-15 16:00,197.94,2074.2282,-1031.02,-0.25,399648.78,-0.25,16036.68,3.9,6033.11,1.47
217,Entry Short,Short,2020-05-15 16:00,197.94,2071.1147,-1899.99,-0.46,397748.80,-0.46,12699.13,3.1,4118.32,1
217,Exit Short,Long,2020-05-16 04:00,198.56,2071.1147,-1899.99,-0.46,397748.80,-0.46,12699.13,3.1,4118.32,1
218,Entry Long,Long,2020-05-16 04:00,198.56,2053.6286,722.20,0.18,398471.00,0.18,37706.84,9.25,4330.94,1.06
218,Exit Long,Short,2020-05-21 16:00,199.21,2053.6286,722.20,0.18,398471.00,0.18,37706.84,9.25,4330.94,1.06
219,Entry Short,Short,2020-05-21 16:00,199.21,2051.9945,-12913.83,-3.16,385557.20,-3.16,15083.38,3.69,13213.63,3.23
219,Exit Short,Long,2020-05-22 16:00,205.20,2051.9945,-12913.83,-3.16,385557.20,-3.16,15083.38,3.69,13213.63,3.23
220,Entry Long,Long,2020-05-22 16:00,205.20,1929.5936,-10813.10,-2.73,374744.06,-2.73,11280.60,2.85,11295.65,2.85
220,Exit Long,Short,2020-05-25 00:00,199.90,1929.5936,-10813.10,-2.73,374744.06,-2.73,11280.60,2.85,11295.65,2.85
221,Entry Short,Short,2020-05-25 00:00,199.90,1926.1299,-13260.99,-3.44,361483.10,-3.45,5489.61,1.43,13540.55,3.52
221,Exit Short,Long,2020-05-27 12:00,206.48,1926.1299,-13260.99,-3.44,361483.10,-3.45,5489.61,1.43,13540.55,3.52
222,Entry Long,Long,2020-05-27 12:00,206.48,1800.5684,35336.73,9.5,396819.80,9.51,84924.06,22.84,3537.86,0.95
222,Exit Long,Short,2020-06-15 16:00,226.43,1800.5684,35336.73,9.5,396819.80,9.51,84924.06,22.84,3537.86,0.95
223,Entry Short,Short,2020-06-15 16:00,226.43,1798.0196,-14843.69,-3.65,381976.12,-3.65,1151.05,0.28,19849.82,4.88
223,Exit Short,Long,2020-06-22 04:00,234.34,1798.0196,-14843.69,-3.65,381976.12,-3.65,1151.05,0.28,19849.82,4.88
224,Entry Long,Long,2020-06-22 04:00,234.34,1674.1779,-4335.84,-1.11,377640.28,-1.11,24651.01,6.28,5768.81,1.47
224,Exit Long,Short,2020-06-24 16:00,232.10,1674.1779,-4335.84,-1.11,377640.28,-1.11,24651.01,6.28,5768.81,1.47
225,Entry Short,Short,2020-06-24 16:00,232.10,1671.399,3900.81,1.01,381541.10,1.01,26618.57,6.86,6424.98,1.66
225,Exit Short,Long,2020-07-01 16:00,229.42,1671.399,3900.81,1.01,381541.10,1.01,26618.57,6.86,6424.98,1.66
226,Entry Long,Long,2020-07-01 16:00,229.42,1707.9098,-1935.98,-0.49,379605.12,-0.49,5325.15,1.36,3351.03,0.86
226,Exit Long,Short,2020-07-02 08:00,228.63,1707.9098,-1935.98,-0.49,379605.12,-0.49,5325.15,1.36,3351.03,0.86
227,Entry Short,Short,2020-07-02 08:00,228.63,1705.3663,-1199.24,-0.31,378405.88,-0.31,9530.49,2.44,5050.40,1.3
227,Exit Short,Long,2020-07-04 20:00,228.99,1705.3663,-1199.24,-0.31,378405.88,-0.31,9530.49,2.44,5050.40,1.3
228,Entry Long,Long,2020-07-04 20:00,228.99,1697.5972,-1872.31,-0.48,376533.56,-0.48,1168.38,0.3,3007.71,0.77
228,Exit Long,Short,2020-07-05 04:00,228.23,1697.5972,-1872.31,-0.48,376533.56,-0.48,1168.38,0.3,3007.71,0.77
229,Entry Short,Short,2020-07-05 04:00,228.23,1694.8875,-8365.60,-2.16,368167.97,-2.16,8489.40,2.19,10323.85,2.67
229,Exit Short,Long,2020-07-06 08:00,232.82,1694.8875,-8365.60,-2.16,368167.97,-2.16,8489.40,2.19,10323.85,2.67
230,Entry Long,Long,2020-07-06 08:00,232.82,1625.8497,251428.61,66.42,619596.56,66.49,346314.75,91.49,4836.28,1.28
230,Exit Long,Short,2020-08-22 00:00,387.93,1625.8497,251428.61,66.42,619596.56,66.49,346314.75,91.49,4836.28,1.28
231,Entry Short,Short,2020-08-22 00:00,387.93,1624.1839,-31827.74,-5.05,587768.80,-5.06,12537.16,1.99,33882.02,5.38
231,Exit Short,Long,2020-08-24 12:00,406.93,1624.1839,-31827.74,-5.05,587768.80,-5.06,12537.16,1.99,33882.02,5.38
232,Entry Long,Long,2020-08-24 12:00,406.93,1469.8861,-17979.17,-3.01,569789.70,-3.01,4681.30,0.78,22394.01,3.74
232,Exit Long,Short,2020-08-25 08:00,395.30,1469.8861,-17979.17,-3.01,569789.70,-3.01,4681.30,0.78,22394.01,3.74
233,Entry Short,Short,2020-08-25 08:00,395.30,1467.8104,-2236.43,-0.39,567553.25,-0.39,36700.43,6.33,5675.25,0.98
233,Exit Short,Long,2020-08-28 16:00,396.23,1467.8104,-2236.43,-0.39,567553.25,-0.39,36700.43,6.33,5675.25,0.98
234,Entry Long,Long,2020-08-28 16:00,396.23,1458.722,9817.43,1.7,577370.70,1.7,134658.75,23.3,8281.42,1.43
234,Exit Long,Short,2020-09-03 16:00,403.56,1458.722,9817.43,1.7,577370.70,1.7,134658.75,23.3,8281.42,1.43
235,Entry Short,Short,2020-09-03 16:00,403.56,1456.5674,42760.62,7.27,620131.30,7.28,138136.97,23.5,6500.18,1.11
235,Exit Short,Long,2020-09-12 00:00,373.62,1456.5674,42760.62,7.27,620131.30,7.28,138136.97,23.5,6500.18,1.11
236,Entry Long,Long,2020-09-12 00:00,373.62,1687.5649,-8298.03,-1.32,611833.25,-1.32,1079.68,0.17,10716.40,1.7
236,Exit Long,Short,2020-09-12 04:00,369.26,1687.5649,-8298.03,-1.32,611833.25,-1.32,1079.68,0.17,10716.40,1.7
237,Entry Short,Short,2020-09-12 04:00,369.26,1685.2641,-7628.97,-1.23,604204.30,-1.23,7167.52,1.15,9803.09,1.58
237,Exit Short,Long,2020-09-12 16:00,373.23,1685.2641,-7628.97,-1.23,604204.30,-1.23,7167.52,1.15,9803.09,1.58
238,Entry Long,Long,2020-09-12 16:00,373.23,1647.1773,-2864.38,-0.47,601339.94,-0.47,27870.37,4.53,3771.91,0.61
238,Exit Long,Short,2020-09-13 12:00,372.05,1647.1773,-2864.38,-0.47,601339.94,-0.47,27870.37,4.53,3771.91,0.61
239,Entry Short,Short,2020-09-13 12:00,372.05,1644.4014,-19118.42,-3.12,582221.50,-3.13,35800.20,5.85,20109.45,3.29
239,Exit Short,Long,2020-09-14 16:00,383.11,1644.4014,-19118.42,-3.12,582221.50,-3.13,35800.20,5.85,20109.45,3.29
240,Entry Long,Long,2020-09-14 16:00,383.11,1547.0595,-27339.38,-4.61,554882.10,-4.62,1922.48,0.32,31540.42,5.32
240,Exit Long,Short,2020-09-15 16:00,366.00,1547.0595,-27339.38,-4.61,554882.10,-4.62,1922.48,0.32,31540.42,5.32
241,Entry Short,Short,2020-09-15 16:00,366.00,1544.554,-17897.17,-3.17,536984.94,-3.17,16566.11,2.93,29770.51,5.27
241,Exit Short,Long,2020-09-17 04:00,377.03,1544.554,-17897.17,-3.17,536984.94,-3.17,16566.11,2.93,29770.51,5.27
242,Entry Long,Long,2020-09-17 04:00,377.03,1451.9314,-9946.93,-1.82,527038.00,-1.82,24431.98,4.46,10399.85,1.9
242,Exit Long,Short,2020-09-20 16:00,370.74,1451.9314,-9946.93,-1.82,527038.00,-1.82,24431.98,4.46,10399.85,1.9
243,Entry Short,Short,2020-09-20 16:00,370.74,1449.646,15659.66,2.91,542697.70,2.92,82879.08,15.42,9187.94,1.71
243,Exit Short,Long,2020-09-27 04:00,359.39,1449.646,15659.66,2.91,542697.70,2.92,82879.08,15.42,9187.94,1.71
244,Entry Long,Long,2020-09-27 04:00,359.39,1538.7149,-8594.18,-1.55,534103.50,-1.55,3816.72,0.69,11016.50,1.99
244,Exit Long,Short,2020-09-27 08:00,354.34,1538.7149,-8594.18,-1.55,534103.50,-1.55,3816.72,0.69,11016.50,1.99
245,Entry Short,Short,2020-09-27 08:00,354.34,1536.6947,-2723.70,-0.5,531379.80,-0.5,10502.15,1.93,4050.35,0.74
245,Exit Short,Long,2020-09-27 16:00,355.58,1536.6947,-2723.70,-0.5,531379.80,-0.5,10502.15,1.93,4050.35,0.74
246,Entry Long,Long,2020-09-27 16:00,355.58,1523.6785,-3050.81,-0.56,528329.00,-0.56,1985.83,0.37,6622.95,1.22
246,Exit Long,Short,2020-09-27 20:00,354.11,1523.6785,-3050.81,-0.56,528329.00,-0.56,1985.83,0.37,6622.95,1.22
247,Entry Short,Short,2020-09-27 20:00,354.11,1521.3736,-6091.23,-1.13,522237.78,-1.13,2425.70,0.45,6017.92,1.12
247,Exit Short,Long,2020-09-28 00:00,357.58,1521.3736,-6091.23,-1.13,522237.78,-1.13,2425.70,0.45,6017.92,1.12
248,Entry Long,Long,2020-09-28 00:00,357.58,1490.3429,-6264.83,-1.18,515972.94,-1.18,15427.75,2.89,9162.90,1.72
248,Exit Long,Short,2020-09-29 00:00,353.91,1490.3429,-6264.83,-1.18,515972.94,-1.18,15427.75,2.89,9162.90,1.72
249,Entry Short,Short,2020-09-29 00:00,353.91,1487.2952,-6341.32,-1.2,509631.62,-1.21,4751.27,0.9,8277.44,1.57
249,Exit Short,Long,2020-09-29 12:00,357.64,1487.2952,-6341.32,-1.2,509631.62,-1.21,4751.27,0.9,8277.44,1.57
250,Entry Long,Long,2020-09-29 12:00,357.64,1454.2259,-4180.47,-0.8,505451.12,-0.8,2649.27,0.51,4854.54,0.93
250,Exit Long,Short,2020-09-29 16:00,355.30,1454.2259,-4180.47,-0.8,505451.12,-0.8,2649.27,0.51,4854.54,0.93
251,Entry Short,Short,2020-09-29 16:00,355.30,1451.8397,-2255.74,-0.44,503195.40,-0.44,4694.56,0.91,3493.82,0.68
251,Exit Short,Long,2020-09-29 20:00,356.32,1451.8397,-2255.74,-0.44,503195.40,-0.44,4694.56,0.91,3493.82,0.68
252,Entry Long,Long,2020-09-29 20:00,356.32,1441.3543,-1692.15,-0.33,501503.25,-0.33,5827.05,1.13,2186.88,0.43
252,Exit Long,Short,2020-09-30 04:00,355.68,1441.3543,-1692.15,-0.33,501503.25,-0.33,5827.05,1.13,2186.88,0.43
253,Entry Short,Short,2020-09-30 04:00,355.68,1439.1804,-3245.08,-0.63,498258.16,-0.63,5545.51,1.08,3722.81,0.73
253,Exit Short,Long,2020-09-30 16:00,357.40,1439.1804,-3245.08,-0.63,498258.16,-0.63,5545.51,1.08,3722.81,0.73
254,Entry Long,Long,2020-09-30 16:00,357.40,1423.8993,-3651.70,-0.72,494606.47,-0.72,1469.39,0.29,4382.83,0.86
254,Exit Long,Short,2020-09-30 20:00,355.37,1423.8993,-3651.70,-0.72,494606.47,-0.72,1469.39,0.29,4382.83,0.86
255,Entry Short,Short,2020-09-30 20:00,355.37,1421.0141,-7099.95,-1.41,487506.50,-1.41,161.25,0.03,9089.56,1.8
255,Exit Short,Long,2020-10-01 00:00,359.83,1421.0141,-7099.95,-1.41,487506.50,-1.41,161.25,0.03,9089.56,1.8
256,Entry Long,Long,2020-10-01 00:00,359.83,1383.6811,-9996.72,-2.01,477509.78,-2.01,14321.28,2.88,20187.73,4.05
256,Exit Long,Short,2020-10-01 20:00,353.14,1383.6811,-9996.72,-2.01,477509.78,-2.01,14321.28,2.88,20187.73,4.05
257,Entry Short,Short,2020-10-01 20:00,353.14,1381.538,-400.00,-0.08,477109.78,-0.08,25745.16,5.28,2313.88,0.47
257,Exit Short,Long,2020-10-04 20:00,352.90,1381.538,-400.00,-0.08,477109.78,-0.08,25745.16,5.28,2313.88,0.47
258,Entry Long,Long,2020-10-04 20:00,352.90,1381.6548,-1504.53,-0.31,475605.28,-0.31,1665.34,0.34,3087.55,0.63
258,Exit Long,Short,2020-10-05 00:00,352.34,1381.6548,-1504.53,-0.31,475605.28,-0.31,1665.34,0.34,3087.55,0.63
259,Entry Short,Short,2020-10-05 00:00,352.34,1379.2656,-1419.11,-0.29,474186.16,-0.29,4876.73,1,5550.52,1.14
259,Exit Short,Long,2020-10-05 16:00,352.84,1379.2656,-1419.11,-0.29,474186.16,-0.29,4876.73,1,5550.52,1.14
260,Entry Long,Long,2020-10-05 16:00,352.84,1373.3666,-2524.63,-0.52,471661.53,-0.52,1339.54,0.28,4936.74,1.02
260,Exit Long,Short,2020-10-05 20:00,351.53,1373.3666,-2524.63,-0.52,471661.53,-0.52,1339.54,0.28,4936.74,1.02
261,Entry Short,Short,2020-10-05 20:00,351.53,1371.2161,-3604.75,-0.75,468056.78,-0.75,214.39,0.04,3940.39,0.82
261,Exit Short,Long,2020-10-06 00:00,353.63,1371.2161,-3604.75,-0.75,468056.78,-0.75,214.39,0.04,3940.39,0.82
262,Entry Long,Long,2020-10-06 00:00,353.63,1352.9613,-4692.39,-0.98,463364.40,-0.98,1630.02,0.34,4390.66,0.92
262,Exit Long,Short,2020-10-06 08:00,350.69,1352.9613,-4692.39,-0.98,463364.40,-0.98,1630.02,0.34,4390.66,0.92
263,Entry Short,Short,2020-10-06 08:00,350.69,1350.8234,1317.17,0.28,464681.56,0.28,24648.45,5.2,3408.15,0.72
263,Exit Short,Long,2020-10-08 16:00,349.19,1350.8234,1317.17,0.28,464681.56,0.28,24648.45,5.2,3408.15,0.72
264,Entry Long,Long,2020-10-08 16:00,349.19,1360.3145,23265.44,4.9,487947.00,4.9,61687.69,12.99,2900.04,0.61
264,Exit Long,Short,2020-10-17 20:00,366.83,1360.3145,23265.44,4.9,487947.00,4.9,61687.69,12.99,2900.04,0.61
265,Entry Short,Short,2020-10-17 20:00,366.83,1358.4529,-10440.52,-2.1,477506.50,-2.1,998.30,0.2,10643.65,2.14
265,Exit Short,Long,2020-10-18 08:00,373.96,1358.4529,-10440.52,-2.1,477506.50,-2.1,998.30,0.2,10643.65,2.14
266,Entry Long,Long,2020-10-18 08:00,373.96,1304.6515,5525.80,1.13,483032.28,1.13,60652.64,12.43,11703.34,2.4
266,Exit Long,Short,2020-10-30 08:00,378.76,1304.6515,5525.80,1.13,483032.28,1.13,60652.64,12.43,11703.34,2.4
267,Entry Short,Short,2020-10-30 08:00,378.76,1302.6793,-24101.62,-4.88,458930.66,-4.89,6755.60,1.37,25811.38,5.23
267,Exit Short,Long,2020-11-02 00:00,396.68,1302.6793,-24101.62,-4.88,458930.66,-4.89,6755.60,1.37,25811.38,5.23
268,Entry Long,Long,2020-11-02 00:00,396.68,1183.178,183059.42,39,641990.06,39.04,282451.20,60.18,31647.06,6.74
268,Exit Long,Short,2020-12-09 04:00,552.11,1183.178,183059.42,39,641990.06,39.04,282451.20,60.18,31647.06,6.74
269,Entry Short,Short,2020-12-09 04:00,552.11,1181.7935,-20729.47,-3.18,621260.60,-3.18,25131.92,3.85,31180.54,4.78
269,Exit Short,Long,2020-12-12 20:00,568.81,1181.7935,-20729.47,-3.18,621260.60,-3.18,25131.92,3.85,31180.54,4.78
270,Entry Long,Long,2020-12-12 20:00,568.81,1110.7183,28941.53,4.58,650202.10,4.58,118861.73,18.81,6682.76,1.06
270,Exit Long,Short,2020-12-22 08:00,595.74,1110.7183,28941.53,4.58,650202.10,4.58,118861.73,18.81,6682.76,1.06
271,Entry Short,Short,2020-12-22 08:00,595.74,1109.0381,-34953.07,-5.29,615249.06,-5.29,8088.43,1.22,42916.23,6.5
271,Exit Short,Long,2020-12-22 16:00,626.34,1109.0381,-34953.07,-5.29,615249.06,-5.29,8088.43,1.22,42916.23,6.5
272,Entry Long,Long,2020-12-22 16:00,626.34,999.2583,-41737.89,-6.67,573511.20,-6.68,11621.62,1.86,75473.73,12.06
272,Exit Long,Short,2020-12-24 00:00,585.48,999.2583,-41737.89,-6.67,573511.20,-6.68,11621.62,1.86,75473.73,12.06
273,Entry Short,Short,2020-12-24 00:00,585.48,997.3869,-27655.88,-4.74,545855.30,-4.74,19559.65,3.35,29900.77,5.12
273,Exit Short,Long,2020-12-25 00:00,612.31,997.3869,-27655.88,-4.74,545855.30,-4.74,19559.65,3.35,29900.77,5.12
274,Entry Long,Long,2020-12-25 00:00,612.31,53.2409,19423.72,59.58,564886.25,3.5,21205.89,65.05,451.97,1.39
274,Exit Long,Trim Long,2021-01-04 00:00,978.33,53.2409,19423.72,59.58,564886.25,3.5,21205.89,65.05,451.97,1.39
275,Entry Long,Long,2020-12-25 00:00,612.31,50.121,20443.09,66.61,585352.30,3.56,20702.02,67.46,425.49,1.39
275,Exit Long,Trim Long,2021-01-04 04:00,1021.41,50.121,20443.09,66.61,585352.30,3.56,20702.02,67.46,425.49,1.39
276,Entry Long,Long,2020-12-25 00:00,612.31,47.1839,20324.35,70.35,605698.40,3.41,25960.62,89.86,400.56,1.39
276,Exit Long,Trim Long,2021-01-04 08:00,1044.30,47.1839,20324.35,70.35,605698.40,3.41,25960.62,89.86,400.56,1.39
277,Entry Long,Long,2020-12-25 00:00,612.31,44.4189,18942.47,69.65,624661.25,3.08,24439.31,89.86,377.08,1.39
277,Exit Long,Trim Long,2021-01-04 16:00,1040.00,44.4189,18942.47,69.65,624661.25,3.08,24439.31,89.86,377.08,1.39
278,Entry Long,Long,2020-12-25 00:00,612.31,41.816,17922.72,70,642603.10,2.82,23007.20,89.86,354.99,1.39
278,Exit Long,Trim Long,2021-01-04 20:00,1042.16,41.816,17922.72,70,642603.10,2.82,23007.20,89.86,354.99,1.39
279,Entry Long,Long,2020-12-25 00:00,612.31,39.3655,16844.48,69.88,659465.70,2.58,21658.93,89.86,334.18,1.39
279,Exit Long,Trim Long,2021-01-05 00:00,1041.45,39.3655,16844.48,69.88,659465.70,2.58,21658.93,89.86,334.18,1.39
280,Entry Long,Long,2020-12-25 00:00,612.31,37.0587,15886.29,70.01,675369.00,2.37,20389.72,89.86,314.60,1.39
280,Exit Long,Trim Long,2021-01-05 12:00,1042.23,37.0587,15886.29,70.01,675369.00,2.37,20389.72,89.86,314.60,1.39
281,Entry Long,Long,2020-12-25 00:00,612.31,34.8871,15324.90,71.74,690709.94,2.24,19194.91,89.86,296.16,1.39
281,Exit Long,Trim Long,2021-01-05 16:00,1052.83,34.8871,15324.90,71.74,690709.94,2.24,19194.91,89.86,296.16,1.39
282,Entry Long,Long,2020-12-25 00:00,612.31,32.8427,15855.42,78.84,706580.44,2.26,18070.08,89.86,278.81,1.39
282,Exit Long,Trim Long,2021-01-05 20:00,1096.36,32.8427,15855.42,78.84,706580.44,2.26,18070.08,89.86,278.81,1.39
283,Entry Long,Long,2020-12-25 00:00,612.31,30.9181,15043.69,79.46,721638.30,2.1,17011.16,89.86,262.47,1.39
283,Exit Long,Trim Long,2021-01-06 00:00,1100.16,30.9181,15043.69,79.46,721638.30,2.1,17011.16,89.86,262.47,1.39
284,Entry Long,Long,2020-12-25 00:00,612.31,29.1063,14349.72,80.52,736001.44,1.96,16014.31,89.86,247.09,1.39
284,Exit Long,Trim Long,2021-01-06 08:00,1106.61,29.1063,14349.72,80.52,736001.44,1.96,16014.31,89.86,247.09,1.39
285,Entry Long,Long,2020-12-25 00:00,612.31,27.4007,14748.34,87.9,750762.30,1.98,15174.80,90.45,232.61,1.39
285,Exit Long,Trim Long,2021-01-06 12:00,1151.88,27.4007,14748.34,87.9,750762.30,1.98,15174.80,90.45,232.61,1.39
286,Entry Long,Long,2020-12-25 00:00,612.31,25.795,13681.22,86.62,764455.44,1.8,14285.55,90.45,218.98,1.39
286,Exit Long,Trim Long,2021-01-06 16:00,1144.01,25.795,13681.22,86.62,764455.44,1.8,14285.55,90.45,218.98,1.39
287,Entry Long,Long,2020-12-25 00:00,612.31,24.2834,13286.42,89.36,777753.00,1.72,14468.07,97.3,206.15,1.39
287,Exit Long,Trim Long,2021-01-06 20:00,1160.78,24.2834,13286.42,89.36,777753.00,1.72,14468.07,97.3,206.15,1.39
288,Entry Long,Long,2020-12-25 00:00,612.31,22.8604,13603.64,97.19,791367.10,1.73,13721.52,98.03,194.07,1.39
288,Exit Long,Trim Long,2021-01-07 00:00,1208.75,22.8604,13603.64,97.19,791367.10,1.73,13721.52,98.03,194.07,1.39
289,Entry Long,Long,2020-12-25 00:00,612.31,21.5208,12901.52,97.91,804278.50,1.61,13156.54,99.84,182.70,1.39
289,Exit Long,Trim Long,2021-01-07 04:00,1213.17,21.5208,12901.52,97.91,804278.50,1.61,13156.54,99.84,182.70,1.39
290,Entry Long,Long,2020-12-25 00:00,612.31,20.2597,11603.36,93.54,815891.20,1.42,12385.58,99.84,171.99,1.39
290,Exit Long,Trim Long,2021-01-07 08:00,1186.39,20.2597,11603.36,93.54,815891.20,1.42,12385.58,99.84,171.99,1.39
291,Entry Long,Long,2020-12-25 00:00,612.31,19.0725,11207.95,95.97,827107.90,1.36,11659.80,99.84,161.91,1.39
291,Exit Long,Trim Long,2021-01-07 12:00,1201.32,19.0725,11207.95,95.97,827107.90,1.36,11659.80,99.84,161.91,1.39
292,Entry Long,Long,2020-12-25 00:00,612.31,17.9548,11421.65,103.89,838537.80,1.36,11440.99,104.07,152.42,1.39
292,Exit Long,Trim Long,2021-01-07 16:00,1249.84,17.9548,11421.65,103.89,838537.80,1.36,11440.99,104.07,152.42,1.39
293,Entry Long,Long,2020-12-25 00:00,612.31,16.9027,10488.72,101.34,849034.25,1.24,11430.13,110.44,143.49,1.39
293,Exit Long,Trim Long,2021-01-07 20:00,1234.23,16.9027,10488.72,101.34,849034.25,1.24,11430.13,110.44,143.49,1.39
294,Entry Long,Long,2020-12-25 00:00,612.31,15.9122,9725.09,99.81,858766.70,1.13,10760.32,110.44,135.08,1.39
294,Exit Long,Trim Long,2021-01-08 00:00,1224.86,15.9122,9725.09,99.81,858766.70,1.13,10760.32,110.44,135.08,1.39
295,Entry Long,Long,2020-12-25 00:00,612.31,14.9797,9609.92,104.77,868383.44,1.11,10129.73,110.44,127.17,1.39
295,Exit Long,Trim Long,2021-01-08 12:00,1255.24,14.9797,9609.92,104.77,868383.44,1.11,10129.73,110.44,127.17,1.39
296,Entry Long,Long,2020-12-25 00:00,612.31,240.6474,256472.60,174.06,1124966.60,29.19,344022.50,233.47,2042.91,1.39
296,Exit Long,Short,2021-02-23 04:00,1679.79,240.6474,256472.60,174.06,1124966.60,29.19,344022.50,233.47,2042.91,1.39
297,Entry Short,Short,2021-02-23 04:00,1679.79,675.8091,47336.84,4.17,1172303.40,4.17,260423.14,22.94,23092.29,2.03
297,Exit Short,Long,2021-03-03 12:00,1607.28,675.8091,47336.84,4.17,1172303.40,4.17,260423.14,22.94,23092.29,2.03
298,Entry Long,Long,2021-03-03 12:00,1607.28,736.1346,-30903.83,-2.61,1141399.60,-2.61,35669.06,3.01,32320.33,2.73
298,Exit Long,Short,2021-03-04 00:00,1567.68,736.1346,-30903.83,-2.61,1141399.60,-2.61,35669.06,3.01,32320.33,2.73
299,Entry Short,Short,2021-03-04 00:00,1567.68,735.0129,-17925.52,-1.56,1123474.10,-1.56,91762.13,7.96,42899.59,3.72
299,Exit Short,Long,2021-03-06 08:00,1589.70,735.0129,-17925.52,-1.56,1123474.10,-1.56,91762.13,7.96,42899.59,3.72
300,Entry Long,Long,2021-03-06 08:00,1589.70,713.918,-34303.96,-3.02,1089170.10,-3.03,5074.33,0.45,55587.28,4.9
300,Exit Long,Short,2021-03-06 16:00,1544.00,713.918,-34303.96,-3.02,1089170.10,-3.03,5074.33,0.45,55587.28,4.9
301,Entry Short,Short,2021-03-06 16:00,1544.00,712.4335,-56348.89,-5.12,1032821.25,-5.13,1583.03,0.14,60562.55,5.51
301,Exit Short,Long,2021-03-06 20:00,1620.72,712.4335,-56348.89,-5.12,1032821.25,-5.13,1583.03,0.14,60562.55,5.51
302,Entry Long,Long,2021-03-06 20:00,1620.72,643.9735,46355.19,4.44,1079176.40,4.45,207594.17,19.89,782.78,0.08
302,Exit Long,Short,2021-03-24 08:00,1695.19,643.9735,46355.19,4.44,1079176.40,4.45,207594.17,19.89,782.78,0.08
303,Entry Short,Short,2021-03-24 08:00,1695.19,642.9928,-12786.41,-1.17,1066390.00,-1.17,100948.98,9.26,30182.98,2.77
303,Exit Short,Long,2021-03-28 00:00,1712.52,642.9928,-12786.41,-1.17,1066390.00,-1.17,100948.98,9.26,30182.98,2.77
304,Entry Long,Long,2021-03-28 00:00,1712.52,628.9421,-7372.40,-0.68,1059017.60,-0.68,7456.49,0.69,8914.87,0.83
304,Exit Long,Short,2021-03-28 12:00,1703.36,628.9421,-7372.40,-0.68,1059017.60,-0.68,7456.49,0.69,8914.87,0.83
305,Entry Short,Short,2021-03-28 12:00,1703.36,628.065,-5155.96,-0.48,1053861.60,-0.48,12575.42,1.18,5544.26,0.52
305,Exit Short,Long,2021-03-28 16:00,1709.01,628.065,-5155.96,-0.48,1053861.60,-0.48,12575.42,1.18,5544.26,0.52
306,Entry Long,Long,2021-03-28 16:00,1709.01,622.98,-22750.00,-2.14,1031111.60,-2.14,2602.96,0.24,30458.59,2.86
306,Exit Long,Short,2021-03-28 20:00,1675.03,622.98,-22750.00,-2.14,1031111.60,-2.14,2602.96,0.24,30458.59,2.86
307,Entry Short,Short,2021-03-28 20:00,1675.03,622.0152,-57131.78,-5.48,973979.90,-5.49,5687.54,0.55,63070.02,6.05
307,Exit Short,Long,2021-03-29 12:00,1764.30,622.0152,-57131.78,-5.48,973979.90,-5.49,5687.54,0.55,63070.02,6.05
308,Entry Long,Long,2021-03-29 12:00,1764.30,558.19,183301.27,18.61,1157281.10,18.63,436876.78,44.36,3032.77,0.31
308,Exit Long,Short,2021-04-19 16:00,2095.58,558.19,183301.27,18.61,1157281.10,18.63,436876.78,44.36,3032.77,0.31
309,Entry Short,Short,2021-04-19 16:00,2095.58,557.439,-129629.81,-11.1,1027651.30,-11.11,21744.76,1.86,129560.91,11.09
309,Exit Short,Long,2021-04-20 20:00,2324.81,557.439,-129629.81,-11.1,1027651.30,-11.11,21744.76,1.86,129560.91,11.09
310,Entry Long,Long,2021-04-20 20:00,2324.81,446.8037,191695.83,18.45,1219347.10,18.47,914234.70,88.01,267105.34,25.71
310,Exit Long,Short,2021-05-27 20:00,2757.66,446.8037,191695.83,18.45,1219347.10,18.47,914234.70,88.01,267105.34,25.71
311,Entry Short,Short,2021-05-27 20:00,2757.66,446.1286,51815.00,4.21,1271162.10,4.21,256551.50,20.85,17581.15,1.43
311,Exit Short,Long,2021-05-31 16:00,2637.47,446.1286,51815.00,4.21,1271162.10,4.21,256551.50,20.85,17581.15,1.43
312,Entry Long,Long,2021-05-31 16:00,2637.47,486.0852,-12613.76,-0.98,1258548.40,-0.98,48876.79,3.81,56244.00,4.39
312,Exit Long,Short,2021-06-02 04:00,2615.46,486.0852,-12613.76,-0.98,1258548.40,-0.98,48876.79,3.81,56244.00,4.39
313,Entry Short,Short,2021-06-02 04:00,2615.46,485.3837,-39374.83,-3.1,1219173.50,-3.1,2649.42,0.21,45869.54,3.61
313,Exit Short,Long,2021-06-02 08:00,2692.60,485.3837,-39374.83,-3.1,1219173.50,-3.1,2649.42,0.21,45869.54,3.61
314,Entry Long,Long,2021-06-02 08:00,2692.60,456.8646,-61005.91,-4.96,1158167.60,-4.96,90153.34,7.33,178044.45,14.47
314,Exit Long,Short,2021-06-10 04:00,2563.01,456.8646,-61005.91,-4.96,1158167.60,-4.96,90153.34,7.33,178044.45,14.47
315,Entry Short,Short,2021-06-10 04:00,2563.01,456.1222,-7984.31,-0.68,1150183.40,-0.68,139056.95,11.89,20029.36,1.71
315,Exit Short,Long,2021-06-14 16:00,2576.66,456.1222,-7984.31,-0.68,1150183.40,-0.68,139056.95,11.89,20029.36,1.71
316,Entry Long,Long,2021-06-14 16:00,2576.66,450.429,-65779.87,-5.67,1084403.50,-5.67,27659.72,2.38,102433.18,8.83
316,Exit Long,Short,2021-06-17 04:00,2434.38,450.429,-65779.87,-5.67,1084403.50,-5.67,27659.72,2.38,102433.18,8.83
317,Entry Short,Short,2021-06-17 04:00,2434.38,449.8992,171873.86,15.69,1256277.20,15.7,329359.60,30.07,12572.79,1.15
317,Exit Short,Long,2021-06-28 08:00,2048.99,449.8992,171873.86,15.69,1256277.20,15.7,329359.60,30.07,12572.79,1.15
318,Entry Long,Long,2021-06-28 08:00,2048.99,618.3381,5822.98,0.46,1262100.20,0.46,146702.73,11.58,46070.36,3.64
318,Exit Long,Short,2021-07-02 08:00,2061.49,618.3381,5822.98,0.46,1262100.20,0.46,146702.73,11.58,46070.36,3.64
319,Entry Short,Short,2021-07-02 08:00,2061.49,617.5418,-40627.59,-3.19,1221472.80,-3.19,25580.98,2.01,42645.04,3.35
319,Exit Short,Long,2021-07-02 16:00,2124.14,617.5418,-40627.59,-3.19,1221472.80,-3.19,25580.98,2.01,42645.04,3.35
320,Entry Long,Long,2021-07-02 16:00,2124.14,580.2087,-84391.02,-6.85,1137081.60,-6.85,164353.92,13.34,163202.90,13.24
320,Exit Long,Short,2021-07-18 04:00,1981.77,580.2087,-84391.02,-6.85,1137081.60,-6.85,164353.92,13.34,163202.90,13.24
321,Entry Short,Short,2021-07-18 04:00,1981.77,579.2519,13894.83,1.21,1150976.50,1.21,158879.34,13.84,5338.58,0.47
321,Exit Short,Long,2021-07-21 16:00,1954.83,579.2519,13894.83,1.21,1150976.50,1.21,158879.34,13.84,5338.58,0.47
322,Entry Long,Long,2021-07-21 16:00,1954.83,594.5341,681654.20,58.65,1832630.60,58.71,845186.06,72.72,14866.99,1.28
322,Exit Long,Short,2021-08-26 08:00,3105.16,594.5341,681654.20,58.65,1832630.60,58.71,845186.06,72.72,14866.99,1.28
323,Entry Short,Short,2021-08-26 08:00,3105.16,593.8551,-82283.43,-4.46,1750347.20,-4.47,29414.31,1.6,87878.01,4.77
323,Exit Short,Long,2021-08-27 16:00,3238.96,593.8551,-82283.43,-4.46,1750347.20,-4.47,29414.31,1.6,87878.01,4.77
324,Entry Long,Long,2021-08-27 16:00,3238.96,543.9333,-30889.68,-1.75,1719457.50,-1.75,24809.22,1.41,48436.84,2.75
324,Exit Long,Short,2021-08-29 16:00,3186.99,543.9333,-30889.68,-1.75,1719457.50,-1.75,24809.22,1.41,48436.84,2.75
325,Entry Short,Short,2021-08-29 16:00,3186.99,543.0696,-20666.74,-1.19,1698790.80,-1.19,2047.24,0.12,21940.14,1.27
325,Exit Short,Long,2021-08-29 20:00,3220.24,543.0696,-20666.74,-1.19,1698790.80,-1.19,2047.24,0.12,21940.14,1.27
326,Entry Long,Long,2021-08-29 20:00,3220.24,531.0514,-33661.44,-1.97,1665129.40,-1.97,18966.40,1.11,42301.00,2.47
326,Exit Long,Short,2021-08-30 04:00,3161.64,531.0514,-33661.44,-1.97,1665129.40,-1.97,18966.40,1.11,42301.00,2.47
327,Entry Short,Short,2021-08-30 04:00,3161.64,530.2275,-32346.33,-1.93,1632783.00,-1.93,7305.88,0.44,34619.21,2.07
327,Exit Short,Long,2021-08-30 16:00,3217.86,530.2275,-32346.33,-1.93,1632783.00,-1.93,7305.88,0.44,34619.21,2.07
328,Entry Long,Long,2021-08-30 16:00,3217.86,510.9892,-7067.00,-0.43,1625716.00,-0.43,412678.25,25.1,110002.38,6.69
328,Exit Long,Short,2021-09-11 00:00,3208.85,510.9892,-7067.00,-0.43,1625716.00,-0.43,412678.25,25.1,110002.38,6.69
329,Entry Short,Short,2021-09-11 00:00,3208.85,510.1347,-117587.28,-7.18,1508128.80,-7.19,49969.41,3.05,136571.55,8.34
329,Exit Short,Long,2021-09-15 00:00,3434.37,510.1347,-117587.28,-7.18,1508128.80,-7.19,49969.41,3.05,136571.55,8.34
330,Entry Long,Long,2021-09-15 00:00,3434.37,442.4225,5072.80,0.33,1513201.50,0.33,105886.84,6.97,35024.72,2.31
330,Exit Long,Short,2021-09-17 16:00,3451.00,442.4225,5072.80,0.33,1513201.50,0.33,105886.84,6.97,35024.72,2.31
331,Entry Short,Short,2021-09-17 16:00,3451.00,441.7115,-25369.99,-1.66,1487831.60,-1.67,43438.68,2.85,33388.20,2.19
331,Exit Short,Long,2021-09-18 08:00,3503.22,441.7115,-25369.99,-1.66,1487831.60,-1.67,43438.68,2.85,33388.20,2.19
332,Entry Long,Long,2021-09-18 08:00,3503.22,427.9419,-27097.81,-1.81,1460733.80,-1.81,15454.09,1.03,36712.03,2.45
332,Exit Long,Short,2021-09-18 20:00,3445.11,427.9419,-27097.81,-1.81,1460733.80,-1.81,15454.09,1.03,36712.03,2.45
333,Entry Short,Short,2021-09-18 20:00,3445.11,427.2256,131699.66,8.95,1592433.40,8.95,337733.03,22.95,5982.80,0.41
333,Exit Short,Long,2021-09-27 04:00,3131.91,427.2256,131699.66,8.95,1592433.40,8.95,337733.03,22.95,5982.80,0.41
334,Entry Long,Long,2021-09-27 04:00,3131.91,511.9677,-23282.89,-1.45,1569150.50,-1.45,7777.34,0.49,30517.85,1.9
334,Exit Long,Short,2021-09-27 08:00,3091.10,511.9677,-23282.89,-1.45,1569150.50,-1.45,7777.34,0.49,30517.85,1.9
335,Entry Short,Short,2021-09-27 08:00,3091.10,511.2541,-2554.70,-0.16,1566595.90,-0.16,156843.39,9.92,25060.82,1.59
335,Exit Short,Long,2021-10-01 08:00,3091.46,511.2541,-2554.70,-0.16,1566595.90,-0.16,156843.39,9.92,25060.82,1.59
336,Entry Long,Long,2021-10-01 08:00,3091.46,510.3676,618861.10,39.22,2185457.00,39.25,905505.10,57.39,1188.44,0.08
336,Exit Long,Short,2021-11-16 04:00,4309.59,510.3676,618861.10,39.22,2185457.00,39.25,905505.10,57.39,1188.44,0.08
337,Entry Short,Short,2021-11-16 04:00,4309.59,509.818,-48596.35,-2.21,2136860.50,-2.21,178394.39,8.12,47230.66,2.15
337,Exit Short,Long,2021-11-20 20:00,4398.38,509.818,-48596.35,-2.21,2136860.50,-2.21,178394.39,8.12,47230.66,2.15
338,Entry Long,Long,2021-11-20 20:00,4398.38,488.4826,-30113.12,-1.4,2106747.50,-1.4,16706.70,0.78,33133.18,1.54
338,Exit Long,Short,2021-11-21 04:00,4343.29,488.4826,-30113.12,-1.4,2106747.50,-1.4,16706.70,0.78,33133.18,1.54
339,Entry Short,Short,2021-11-21 04:00,4343.29,487.7267,-9307.95,-0.44,2097439.50,-0.44,154752.05,7.31,54121.80,2.55
339,Exit Short,Long,2021-11-23 20:00,4355.85,487.7267,-9307.95,-0.44,2097439.50,-0.44,154752.05,7.31,54121.80,2.55
340,Entry Long,Long,2021-11-23 20:00,4355.85,484.1817,-55962.65,-2.65,2041476.90,-2.66,12817.80,0.61,61896.28,2.93
340,Exit Long,Short,2021-11-24 04:00,4246.72,484.1817,-55962.65,-2.65,2041476.90,-2.66,12817.80,0.61,61896.28,2.93
341,Entry Short,Short,2021-11-24 04:00,4246.72,483.4363,-37182.51,-1.81,2004294.40,-1.81,36685.54,1.79,47732.10,2.32
341,Exit Short,Long,2021-11-25 04:00,4317.21,483.4363,-37182.51,-1.81,2004294.40,-1.81,36685.54,1.79,47732.10,2.32
342,Entry Long,Long,2021-11-25 04:00,4317.21,466.9379,-13200.08,-0.65,1991094.20,-0.66,1644.60,0.08,26665.85,1.32
342,Exit Long,Short,2021-11-25 08:00,4295.40,466.9379,-13200.08,-0.65,1991094.20,-0.66,1644.60,0.08,26665.85,1.32
343,Entry Short,Short,2021-11-25 08:00,4295.40,466.2193,-45914.25,-2.29,1945180.00,-2.29,10036.98,0.5,46529.41,2.32
343,Exit Short,Long,2021-11-25 12:00,4387.37,466.2193,-45914.25,-2.29,1945180.00,-2.29,10036.98,0.5,46529.41,2.32
344,Entry Long,Long,2021-11-25 12:00,4387.37,446.0732,-147096.42,-7.52,1798083.60,-7.52,71523.14,3.65,213071.56,10.89
344,Exit Long,Short,2021-11-26 16:00,4063.95,446.0732,-147096.42,-7.52,1798083.60,-7.52,71523.14,3.65,213071.56,10.89
345,Entry Short,Short,2021-11-26 16:00,4063.95,445.2424,-105562.09,-5.83,1692521.50,-5.84,43144.90,2.38,105793.14,5.85
345,Exit Short,Long,2021-11-29 00:00,4294.77,445.2424,-105562.09,-5.83,1692521.50,-5.84,43144.90,2.38,105793.14,5.85
346,Entry Long,Long,2021-11-29 00:00,4294.77,396.7493,-28701.91,-1.68,1663819.60,-1.69,190740.77,11.19,45709.91,2.68
346,Exit Long,Short,2021-12-03 20:00,4228.82,396.7493,-28701.91,-1.68,1663819.60,-1.69,190740.77,11.19,45709.91,2.68
347,Entry Short,Short,2021-12-03 20:00,4228.82,396.11,-49585.96,-2.96,1614233.60,-2.96,285978.90,17.07,59615.20,3.56
347,Exit Short,Long,2021-12-07 00:00,4347.57,396.11,-49585.96,-2.96,1614233.60,-2.96,285978.90,17.07,59615.20,3.56
348,Entry Long,Long,2021-12-07 00:00,4347.57,373.8892,-22613.14,-1.39,1591620.50,-1.39,27731.11,1.71,35486.08,2.18
348,Exit Long,Short,2021-12-08 04:00,4293.57,373.8892,-22613.14,-1.39,1591620.50,-1.39,27731.11,1.71,35486.08,2.18
349,Entry Short,Short,2021-12-08 04:00,4293.57,373.3081,-29956.36,-1.87,1561664.10,-1.87,0,0,33105.03,2.07
349,Exit Short,Long,2021-12-08 08:00,4367.32,373.3081,-29956.36,-1.87,1561664.10,-1.87,0,0,33105.03,2.07
350,Entry Long,Long,2021-12-08 08:00,4367.32,360.1509,-90479.75,-5.75,1471184.40,-5.76,42283.34,2.69,97455.21,6.2
350,Exit Long,Short,2021-12-09 20:00,4122.46,360.1509,-90479.75,-5.75,1471184.40,-5.76,42283.34,2.69,97455.21,6.2
351,Entry Short,Short,2021-12-09 20:00,4122.46,359.5663,16657.15,1.12,1487841.60,1.12,171023.45,11.54,40167.82,2.71
351,Exit Short,Long,2021-12-16 12:00,4069.99,359.5663,16657.15,1.12,1487841.60,1.12,171023.45,11.54,40167.82,2.71
352,Entry Long,Long,2021-12-16 12:00,4069.99,368.355,-29184.80,-1.95,1458656.80,-1.95,14876.94,0.99,34272.67,2.29
352,Exit Long,Short,2021-12-16 20:00,3996.81,368.355,-29184.80,-1.95,1458656.80,-1.95,14876.94,0.99,34272.67,2.29
353,Entry Short,Short,2021-12-16 20:00,3996.81,367.7335,-6131.30,-0.42,1452525.50,-0.42,108044.66,7.35,19889.83,1.35
353,Exit Short,Long,2021-12-21 04:00,4007.48,367.7335,-6131.30,-0.42,1452525.50,-0.42,108044.66,7.35,19889.83,1.35
354,Entry Long,Long,2021-12-21 04:00,4007.48,365.2283,-12403.24,-0.85,1440122.20,-0.85,23515.00,1.61,28153.85,1.92
354,Exit Long,Short,2021-12-23 00:00,3979.51,365.2283,-12403.24,-0.85,1440122.20,-0.85,23515.00,1.61,28153.85,1.92
355,Entry Short,Short,2021-12-23 00:00,3979.51,364.6711,-58425.73,-4.03,1381696.50,-4.03,30375.41,2.09,63261.18,4.36
355,Exit Short,Long,2021-12-23 20:00,4133.64,364.6711,-58425.73,-4.03,1381696.50,-4.03,30375.41,2.09,63261.18,4.36
356,Entry Long,Long,2021-12-23 20:00,4133.64,336.9492,-60314.16,-4.33,1321382.40,-4.33,2024.99,0.15,69266.73,4.97
356,Exit Long,Short,2021-12-28 04:00,3960.71,336.9492,-60314.16,-4.33,1321382.40,-4.33,2024.99,0.15,69266.73,4.97
357,Entry Short,Short,2021-12-28 04:00,3960.71,336.4,39921.37,3,1361303.80,3,125389.56,9.41,999.29,0.08
357,Exit Short,Long,2022-01-04 12:00,3836.19,336.4,39921.37,3,1361303.80,3,125389.56,9.41,999.29,0.08
358,Entry Long,Long,2022-01-04 12:00,3836.19,357.7173,-10687.23,-0.78,1350616.50,-0.78,22057.87,1.61,28856.03,2.1
358,Exit Long,Short,2022-01-04 20:00,3812.05,357.7173,-10687.23,-0.78,1350616.50,-0.78,22057.87,1.61,28856.03,2.1
359,Entry Short,Short,2022-01-04 20:00,3812.05,357.1934,151680.20,11.14,1502296.60,11.15,314459.12,23.09,13862.33,1.02
359,Exit Short,Long,2022-01-12 20:00,3382.01,357.1934,151680.20,11.14,1502296.60,11.15,314459.12,23.09,13862.33,1.02
360,Entry Long,Long,2022-01-12 20:00,3382.01,447.4246,-35354.38,-2.34,1466942.20,-2.34,12028.34,0.79,87939.74,5.81
360,Exit Long,Short,2022-01-14 20:00,3308.01,447.4246,-35354.38,-2.34,1466942.20,-2.34,12028.34,0.79,87939.74,5.81
361,Entry Short,Short,2022-01-14 20:00,3308.01,446.81,-26345.03,-1.78,1440597.20,-1.78,19896.00,1.35,28779.48,1.95
361,Exit Short,Long,2022-01-15 16:00,3361.97,446.81,-26345.03,-1.78,1440597.20,-1.78,19896.00,1.35,28779.48,1.95
362,Entry Long,Long,2022-01-15 16:00,3361.97,431.8075,-17478.00,-1.2,1423119.20,-1.2,3086.79,0.21,17549.29,1.21
362,Exit Long,Short,2022-01-16 00:00,3326.51,431.8075,-17478.00,-1.2,1423119.20,-1.2,3086.79,0.21,17549.29,1.21
363,Entry Short,Short,2022-01-16 00:00,3326.51,431.1414,-13792.21,-0.96,1409327.00,-0.96,23451.99,1.64,16626.92,1.16
363,Exit Short,Long,2022-01-16 16:00,3353.49,431.1414,-13792.21,-0.96,1409327.00,-0.96,23451.99,1.64,16626.92,1.16
364,Entry Long,Long,2022-01-16 16:00,3353.49,423.5595,-15894.43,-1.12,1393432.60,-1.12,15923.67,1.12,18304.17,1.29
364,Exit Long,Short,2022-01-16 20:00,3320.97,423.5595,-15894.43,-1.12,1393432.60,-1.12,15923.67,1.12,18304.17,1.29
365,Entry Short,Short,2022-01-16 20:00,3320.97,422.9148,-13076.90,-0.93,1380355.80,-0.93,3408.39,0.24,18515.52,1.32
365,Exit Short,Long,2022-01-17 00:00,3346.89,422.9148,-13076.90,-0.93,1380355.80,-0.93,3408.39,0.24,18515.52,1.32
366,Entry Long,Long,2022-01-17 00:00,3346.89,415.7369,-33734.22,-2.42,1346621.50,-2.43,3396.50,0.24,46662.38,3.35
366,Exit Long,Short,2022-01-17 08:00,3270.71,415.7369,-33734.22,-2.42,1346621.50,-2.43,3396.50,0.24,46662.38,3.35
367,Entry Short,Short,2022-01-17 08:00,3270.71,415.0906,1826.78,0.13,1348448.20,0.13,111350.95,8.2,5580.08,0.41
367,Exit Short,Long,2022-01-20 16:00,3261.41,415.0906,1826.78,0.13,1348448.20,0.13,111350.95,8.2,5580.08,0.41
368,Entry Long,Long,2022-01-20 16:00,3261.41,416.8305,-21253.15,-1.56,1327195.10,-1.56,3965.70,0.29,25045.70,1.84
368,Exit Long,Short,2022-01-20 20:00,3215.28,416.8305,-21253.15,-1.56,1327195.10,-1.56,3965.70,0.29,25045.70,1.84
369,Entry Short,Short,2022-01-20 20:00,3215.28,416.2002,245659.27,18.36,1572854.40,18.37,438620.30,32.78,2672.61,0.2
369,Exit Short,Long,2022-01-31 16:00,2620.66,416.2002,245659.27,18.36,1572854.40,18.37,438620.30,32.78,2672.61,0.2
370,Entry Long,Long,2022-01-31 16:00,2620.66,,,,,,,,,
370,Exit Long,Open,,,,,,,,,,,